日期,医生等级,每日病例量,每日总费用,每日费用病例比,该等级医生数量,工作日/周末
2023-10-14,中级,1.0,0.0,0.0,1,周末
2023-10-14,高级,4.0,0.0,0.0,2,周末
2023-10-16,中级,2.0,0.0,0.0,1,工作日
2023-10-19,中级,9.6,0.0,0.0,5,工作日
2023-10-19,初级,4.0,0.0,0.0,1,工作日
2023-10-19,高级,6.0,0.0,0.0,5,工作日
2023-10-20,中级,14.0,0.0,0.0,2,工作日
2023-10-20,初级,6.0,0.0,0.0,1,工作日
2023-10-20,高级,14.0,0.0,0.0,4,工作日
2023-10-21,中级,22.0,0.0,0.0,3,周末
2023-10-21,初级,2.0,0.0,0.0,1,周末
2023-10-21,高级,16.8,0.0,0.0,5,周末
2023-10-22,中级,23.33,0.0,0.0,3,周末
2023-10-22,初级,20.0,0.0,0.0,1,周末
2023-10-22,高级,19.67,0.0,0.0,6,周末
2023-10-23,中级,20.0,0.0,0.0,2,工作日
2023-10-23,高级,20.0,0.0,0.0,2,工作日
2023-10-24,中级,12.0,0.0,0.0,2,工作日
2023-10-24,高级,21.33,0.0,0.0,3,工作日
2023-10-25,中级,18.67,3020.0,161.76,3,工作日
2023-10-25,高级,19.0,0.0,0.0,2,工作日
2023-10-26,中级,21.0,480.0,22.86,2,工作日
2023-10-26,初级,22.0,7660.0,348.18,1,工作日
2023-10-26,高级,27.33,0.0,0.0,3,工作日
2023-10-27,中级,23.33,1660.0,71.15,3,工作日
2023-10-27,初级,12.0,5460.0,455.0,1,工作日
2023-10-27,高级,24.0,0.0,0.0,2,工作日
2023-10-28,中级,22.67,14620.0,644.91,3,周末
2023-10-28,高级,18.5,4440.0,240.0,4,周末
2023-10-29,中级,18.8,16280.0,865.96,5,周末
2023-10-29,初级,16.0,9580.0,598.75,1,周末
2023-10-29,高级,19.5,0.0,0.0,4,周末
2023-10-30,中级,20.67,0.0,0.0,3,工作日
2023-10-30,初级,18.0,6860.0,381.11,1,工作日
2023-10-30,高级,9.0,0.0,0.0,2,工作日
2023-10-31,中级,19.5,4540.0,232.82,4,工作日
2023-10-31,高级,21.0,0.0,0.0,2,工作日
2023-11-01,中级,10.33,9143.0,885.09,3,工作日
2023-11-01,初级,7.0,3550.0,507.14,1,工作日
2023-11-01,高级,20.5,0.0,0.0,2,工作日
2023-11-02,中级,10.25,11270.0,1099.51,4,工作日
2023-11-02,高级,18.0,0.0,0.0,1,工作日
2023-11-03,中级,12.5,5982.0,478.56,4,工作日
2023-11-03,高级,10.0,0.0,0.0,2,工作日
2023-11-04,中级,8.75,8520.0,973.71,4,周末
2023-11-04,高级,10.75,0.0,0.0,4,周末
2023-11-05,中级,12.0,3160.0,263.33,2,周末
2023-11-05,初级,8.0,4520.0,565.0,1,周末
2023-11-05,高级,10.8,0.0,0.0,5,周末
2023-11-06,中级,6.5,2080.0,320.0,4,工作日
2023-11-06,初级,3.0,1290.0,430.0,1,工作日
2023-11-06,高级,6.67,0.0,0.0,3,工作日
2023-11-07,中级,8.75,6520.0,745.14,4,工作日
2023-11-07,高级,14.0,80.0,5.71,3,工作日
2023-11-08,中级,9.0,3140.0,348.89,2,工作日
2023-11-08,初级,6.0,3210.0,535.0,1,工作日
2023-11-08,高级,11.0,0.0,0.0,3,工作日
2023-11-09,中级,6.33,3540.0,559.24,3,工作日
2023-11-09,初级,6.0,2660.0,443.33,1,工作日
2023-11-09,高级,11.67,0.0,0.0,3,工作日
2023-11-10,中级,8.67,1400.0,161.48,3,工作日
2023-11-10,高级,10.5,0.0,0.0,2,工作日
2023-11-11,中级,11.67,3570.0,305.91,3,周末
2023-11-11,高级,8.8,1940.0,220.45,5,周末
2023-11-12,中级,9.67,1190.0,123.06,3,周末
2023-11-12,初级,6.0,2050.0,341.67,1,周末
2023-11-12,高级,10.0,7300.0,730.0,4,周末
2023-11-13,中级,8.0,360.0,45.0,3,工作日
2023-11-13,初级,2.0,560.0,280.0,1,工作日
2023-11-13,高级,8.0,0.0,0.0,2,工作日
2023-11-14,中级,7.0,2670.0,381.43,4,工作日
2023-11-14,初级,3.0,1310.0,436.67,1,工作日
2023-11-14,高级,13.0,3780.0,290.77,2,工作日
2023-11-15,中级,9.75,5090.0,522.05,4,工作日
2023-11-15,高级,13.0,0.0,0.0,2,工作日
2023-11-16,中级,6.5,9190.0,1413.85,4,工作日
2023-11-16,高级,18.0,0.0,0.0,2,工作日
2023-11-17,中级,7.5,3151.0,420.13,4,工作日
2023-11-17,高级,5.2,0.0,0.0,5,工作日
2023-11-18,中级,5.33,6140.0,1151.97,3,周末
2023-11-18,高级,20.67,0.0,0.0,3,周末
2023-11-19,中级,13.67,4130.0,302.12,3,周末
2023-11-19,初级,8.0,4540.0,567.5,1,周末
2023-11-19,高级,12.8,0.0,0.0,5,周末
2023-11-20,中级,9.5,0.0,0.0,2,工作日
2023-11-20,初级,4.0,1870.0,467.5,1,工作日
2023-11-20,高级,6.33,0.0,0.0,3,工作日
2023-11-21,中级,6.6,4610.0,698.48,5,工作日
2023-11-21,初级,4.0,2530.0,632.5,1,工作日
2023-11-21,高级,10.75,0.0,0.0,4,工作日
2023-11-22,中级,7.8,2590.0,332.05,5,工作日
2023-11-22,高级,14.0,0.0,0.0,2,工作日
2023-11-23,中级,5.5,7540.0,1370.91,4,工作日
2023-11-23,高级,15.33,0.0,0.0,3,工作日
2023-11-24,中级,6.0,5860.0,976.67,5,工作日
2023-11-24,高级,7.0,0.0,0.0,4,工作日
2023-11-25,中级,6.75,4340.0,642.96,4,周末
2023-11-25,高级,10.0,0.0,0.0,4,周末
2023-11-26,中级,7.33,3930.0,536.15,3,周末
2023-11-26,初级,7.0,3090.0,441.43,1,周末
2023-11-26,高级,12.2,0.0,0.0,5,周末
2023-11-27,中级,7.0,0.0,0.0,4,工作日
2023-11-27,初级,7.0,1940.0,277.14,1,工作日
2023-11-27,高级,4.5,0.0,0.0,2,工作日
2023-11-28,中级,11.5,2600.0,226.09,4,工作日
2023-11-28,初级,5.0,2370.0,474.0,1,工作日
2023-11-28,高级,11.0,0.0,0.0,3,工作日
2023-11-29,中级,7.5,2650.0,353.33,2,工作日
2023-11-29,初级,6.0,2590.0,431.67,1,工作日
2023-11-29,高级,11.33,450.0,39.72,3,工作日
2023-11-30,中级,9.33,4350.0,466.24,3,工作日
2023-11-30,高级,5.4,0.0,0.0,5,工作日
2023-12-01,中级,9.67,3770.0,389.87,3,工作日
2023-12-01,高级,8.5,0.0,0.0,2,工作日
2023-12-02,中级,9.25,3440.0,371.89,4,周末
2023-12-02,高级,8.5,200.0,23.53,2,周末
2023-12-03,中级,7.0,3810.0,544.29,1,周末
2023-12-03,高级,12.83,0.0,0.0,6,周末
2023-12-04,中级,7.0,2160.0,308.57,3,工作日
2023-12-04,初级,1.0,320.0,320.0,1,工作日
2023-12-04,高级,12.0,0.0,0.0,2,工作日
2023-12-05,中级,15.0,0.0,0.0,1,工作日
2023-12-05,初级,6.0,1310.0,218.33,1,工作日
2023-12-05,高级,9.8,0.0,0.0,5,工作日
2023-12-06,中级,9.33,8110.0,869.24,3,工作日
2023-12-06,高级,16.0,0.0,0.0,1,工作日
2023-12-07,中级,9.0,0.0,0.0,2,工作日
2023-12-07,高级,13.5,0.0,0.0,2,工作日
2023-12-08,中级,8.75,3640.0,416.0,4,工作日
2023-12-08,初级,1.0,0.0,0.0,1,工作日
2023-12-08,高级,6.0,0.0,0.0,4,工作日
2023-12-09,中级,12.5,4330.0,346.4,2,周末
2023-12-09,初级,7.0,3400.0,485.71,1,周末
2023-12-09,高级,9.4,0.0,0.0,5,周末
2023-12-10,中级,8.0,4760.0,595.0,3,周末
2023-12-10,高级,15.0,0.0,0.0,4,周末
2023-12-11,中级,4.67,1760.0,376.87,3,工作日
2023-12-11,初级,2.0,1260.0,630.0,1,工作日
2023-12-11,高级,6.33,0.0,0.0,3,工作日
2023-12-12,中级,10.5,3800.0,361.9,2,工作日
2023-12-12,高级,8.0,0.0,0.0,4,工作日
2023-12-13,中级,5.67,2850.0,502.65,3,工作日
2023-12-13,高级,6.75,0.0,0.0,4,工作日
2023-12-14,中级,3.67,5930.0,1615.8,3,工作日
2023-12-14,高级,17.5,0.0,0.0,2,工作日
2023-12-15,中级,3.5,1560.0,445.71,4,工作日
2023-12-15,高级,6.75,0.0,0.0,4,工作日
2023-12-16,中级,5.5,2510.0,456.36,4,周末
2023-12-16,初级,7.0,3420.0,488.57,1,周末
2023-12-16,高级,12.75,300.0,23.53,4,周末
2023-12-17,中级,9.5,4360.0,458.95,4,周末
2023-12-17,高级,11.0,0.0,0.0,5,周末
2023-12-18,中级,6.33,0.0,0.0,3,工作日
2023-12-18,初级,3.0,620.0,206.67,1,工作日
2023-12-18,高级,7.25,550.0,75.86,4,工作日
2023-12-19,中级,8.25,2160.0,261.82,4,工作日
2023-12-19,高级,10.33,0.0,0.0,3,工作日
2023-12-20,中级,6.0,4434.0,739.0,3,工作日
2023-12-20,初级,7.0,3820.0,545.71,1,工作日
2023-12-20,高级,10.0,0.0,0.0,4,工作日
2023-12-21,中级,8.67,6330.0,730.1,3,工作日
2023-12-21,高级,9.0,0.0,0.0,2,工作日
2023-12-22,中级,7.33,2630.0,358.8,3,工作日
2023-12-22,初级,2.0,710.0,355.0,1,工作日
2023-12-22,高级,6.25,0.0,0.0,4,工作日
2023-12-23,中级,7.33,4310.0,587.99,3,周末
2023-12-23,高级,16.33,0.0,0.0,3,周末
2023-12-24,中级,12.33,4060.0,329.28,3,周末
2023-12-24,高级,18.0,0.0,0.0,3,周末
2023-12-25,中级,7.0,0.0,0.0,2,工作日
2023-12-25,初级,4.0,1300.0,325.0,1,工作日
2023-12-25,高级,10.0,0.0,0.0,3,工作日
2023-12-26,中级,7.0,2700.0,385.71,1,工作日
2023-12-26,高级,14.33,0.0,0.0,3,工作日
2023-12-27,中级,8.67,5310.0,612.46,3,工作日
2023-12-27,高级,12.75,0.0,0.0,4,工作日
2023-12-28,中级,4.6,4610.0,1002.17,5,工作日
2023-12-28,高级,9.0,0.0,0.0,2,工作日
2023-12-29,中级,8.0,2460.0,307.5,4,工作日
2023-12-29,高级,12.0,910.0,75.83,3,工作日
2023-12-30,中级,10.33,3010.0,291.38,3,周末
2023-12-30,初级,7.0,1900.0,271.43,1,周末
2023-12-30,高级,20.67,550.0,26.61,3,周末
2023-12-31,中级,6.0,0.0,0.0,1,周末
2023-12-31,初级,5.0,2310.0,462.0,1,周末
2023-12-31,高级,9.67,0.0,0.0,3,周末
2024-01-01,中级,10.33,0.0,0.0,3,工作日
2024-01-01,高级,12.25,0.0,0.0,4,工作日
2024-01-02,中级,9.0,0.0,0.0,2,工作日
2024-01-02,高级,13.67,0.0,0.0,3,工作日
2024-01-03,中级,6.0,0.0,0.0,3,工作日
2024-01-03,高级,10.25,0.0,0.0,4,工作日
2024-01-04,中级,6.75,0.0,0.0,4,工作日
2024-01-04,初级,3.0,0.0,0.0,1,工作日
2024-01-04,高级,9.33,0.0,0.0,3,工作日
2024-01-05,中级,12.0,0.0,0.0,3,工作日
2024-01-05,初级,4.0,0.0,0.0,1,工作日
2024-01-05,高级,10.0,0.0,0.0,4,工作日
2024-01-06,中级,8.0,0.0,0.0,2,周末
2024-01-06,初级,9.0,0.0,0.0,1,周末
2024-01-06,高级,15.6,0.0,0.0,5,周末
2024-01-07,中级,8.67,0.0,0.0,3,周末
2024-01-07,初级,2.0,0.0,0.0,1,周末
2024-01-07,高级,15.4,0.0,0.0,5,周末
2024-01-08,中级,10.5,0.0,0.0,2,工作日
2024-01-08,高级,7.2,0.0,0.0,5,工作日
2024-01-09,中级,6.5,0.0,0.0,2,工作日
2024-01-09,初级,9.0,0.0,0.0,1,工作日
2024-01-09,高级,9.33,0.0,0.0,6,工作日
2024-01-10,中级,8.0,0.0,0.0,3,工作日
2024-01-10,高级,11.0,0.0,0.0,4,工作日
2024-01-11,中级,9.25,0.0,0.0,4,工作日
2024-01-11,初级,7.0,0.0,0.0,1,工作日
2024-01-11,高级,18.0,0.0,0.0,2,工作日
2024-01-12,中级,14.0,0.0,0.0,2,工作日
2024-01-12,高级,10.67,0.0,0.0,3,工作日
2024-01-13,中级,10.0,0.0,0.0,2,周末
2024-01-13,高级,17.8,0.0,0.0,5,周末
2024-01-14,中级,8.8,0.0,0.0,5,周末
2024-01-14,高级,21.0,0.0,0.0,3,周末
2024-01-15,中级,7.0,0.0,0.0,4,工作日
2024-01-15,高级,11.0,0.0,0.0,3,工作日
2024-01-16,中级,6.67,0.0,0.0,3,工作日
2024-01-16,高级,9.2,0.0,0.0,5,工作日
2024-01-17,中级,10.0,0.0,0.0,1,工作日
2024-01-17,高级,10.33,0.0,0.0,3,工作日
2024-01-18,中级,9.67,0.0,0.0,3,工作日
2024-01-18,初级,1.0,0.0,0.0,1,工作日
2024-01-18,高级,7.0,0.0,0.0,3,工作日
2024-01-19,中级,12.5,0.0,0.0,2,工作日
2024-01-19,初级,4.0,0.0,0.0,1,工作日
2024-01-19,高级,7.8,0.0,0.0,5,工作日
2024-01-20,中级,4.0,0.0,0.0,1,周末
2024-01-20,初级,6.0,0.0,0.0,1,周末
2024-01-20,高级,16.4,0.0,0.0,5,周末
2024-01-21,中级,10.5,0.0,0.0,2,周末
2024-01-21,高级,11.6,0.0,0.0,5,周末
2024-01-22,中级,8.0,0.0,0.0,3,工作日
2024-01-22,高级,5.5,0.0,0.0,4,工作日
2024-01-23,中级,10.5,0.0,0.0,2,工作日
2024-01-23,初级,1.0,0.0,0.0,1,工作日
2024-01-23,高级,14.33,0.0,0.0,3,工作日
2024-01-24,中级,9.5,0.0,0.0,2,工作日
2024-01-24,高级,8.75,0.0,0.0,4,工作日
2024-01-25,中级,2.0,0.0,0.0,1,工作日
2024-01-25,初级,1.0,0.0,0.0,1,工作日
2024-01-25,高级,17.25,0.0,0.0,4,工作日
2024-01-26,中级,9.5,0.0,0.0,4,工作日
2024-01-26,高级,10.5,0.0,0.0,4,工作日
2024-01-27,中级,11.0,0.0,0.0,4,周末
2024-01-27,高级,15.25,0.0,0.0,4,周末
2024-01-28,中级,6.25,0.0,0.0,4,周末
2024-01-28,高级,12.4,0.0,0.0,5,周末
2024-01-29,中级,10.0,0.0,0.0,1,工作日
2024-01-29,高级,7.5,0.0,0.0,4,工作日
2024-01-30,中级,5.0,0.0,0.0,3,工作日
2024-01-30,高级,14.0,0.0,0.0,2,工作日
2024-01-31,中级,8.67,0.0,0.0,3,工作日
2024-01-31,高级,13.0,0.0,0.0,2,工作日
2024-02-01,中级,10.75,0.0,0.0,4,工作日
2024-02-01,高级,14.33,0.0,0.0,3,工作日
2024-02-02,中级,8.0,0.0,0.0,2,工作日
2024-02-02,高级,10.8,0.0,0.0,5,工作日
2024-02-03,中级,9.75,0.0,0.0,4,周末
2024-02-03,高级,13.0,0.0,0.0,4,周末
2024-02-04,中级,11.33,0.0,0.0,3,周末
2024-02-04,高级,9.33,0.0,0.0,3,周末
2024-02-05,中级,5.4,0.0,0.0,5,工作日
2024-02-05,高级,13.33,0.0,0.0,3,工作日
2024-02-06,中级,5.0,0.0,0.0,2,工作日
2024-02-06,高级,12.25,0.0,0.0,4,工作日
2024-02-07,中级,3.0,0.0,0.0,2,工作日
2024-02-07,高级,8.5,0.0,0.0,4,工作日
2024-02-08,中级,3.5,0.0,0.0,2,工作日
2024-02-08,高级,9.5,0.0,0.0,4,工作日
2024-02-18,中级,13.0,0.0,0.0,3,周末
2024-02-18,高级,11.0,0.0,0.0,4,周末
2024-02-19,中级,11.0,0.0,0.0,2,工作日
2024-02-19,初级,7.0,0.0,0.0,1,工作日
2024-02-19,高级,15.5,0.0,0.0,4,工作日
2024-02-20,中级,12.0,0.0,0.0,3,工作日
2024-02-20,高级,12.4,0.0,0.0,5,工作日
2024-02-21,中级,5.33,0.0,0.0,3,工作日
2024-02-21,高级,12.67,0.0,0.0,3,工作日
2024-02-22,中级,11.0,0.0,0.0,3,工作日
2024-02-22,初级,6.0,0.0,0.0,1,工作日
2024-02-22,高级,14.25,0.0,0.0,4,工作日
2024-02-23,中级,12.33,0.0,0.0,3,工作日
2024-02-23,高级,15.0,0.0,0.0,2,工作日
2024-02-24,中级,11.33,0.0,0.0,3,周末
2024-02-24,初级,5.0,0.0,0.0,1,周末
2024-02-24,高级,16.0,0.0,0.0,5,周末
2024-02-25,中级,9.75,0.0,0.0,4,周末
2024-02-25,高级,16.0,0.0,0.0,4,周末
2024-02-26,中级,6.5,0.0,0.0,4,工作日
2024-02-26,初级,8.0,0.0,0.0,1,工作日
2024-02-26,高级,12.0,0.0,0.0,3,工作日
2024-02-27,中级,9.0,0.0,0.0,3,工作日
2024-02-27,高级,9.25,0.0,0.0,4,工作日
2024-02-28,中级,8.33,0.0,0.0,3,工作日
2024-02-28,高级,16.0,0.0,0.0,3,工作日
2024-02-29,中级,7.25,0.0,0.0,4,工作日
2024-02-29,高级,10.0,0.0,0.0,4,工作日
2024-03-01,中级,14.0,0.0,0.0,2,工作日
2024-03-01,初级,7.0,0.0,0.0,1,工作日
2024-03-01,高级,8.4,0.0,0.0,5,工作日
2024-03-02,中级,11.4,0.0,0.0,5,周末
2024-03-02,初级,10.0,0.0,0.0,1,周末
2024-03-02,高级,14.8,0.0,0.0,5,周末
2024-03-03,中级,10.5,0.0,0.0,4,周末
2024-03-03,高级,13.75,0.0,0.0,4,周末
2024-03-04,中级,5.33,0.0,0.0,3,工作日
2024-03-04,高级,12.0,0.0,0.0,3,工作日
2024-03-05,中级,5.33,0.0,0.0,3,工作日
2024-03-05,初级,7.0,0.0,0.0,1,工作日
2024-03-05,高级,12.75,0.0,0.0,4,工作日
2024-03-06,中级,9.25,0.0,0.0,4,工作日
2024-03-06,高级,14.75,0.0,0.0,4,工作日
2024-03-07,中级,8.0,0.0,0.0,2,工作日
2024-03-07,初级,7.0,0.0,0.0,1,工作日
2024-03-07,高级,11.0,0.0,0.0,2,工作日
2024-03-08,中级,8.0,0.0,0.0,2,工作日
2024-03-08,初级,7.0,0.0,0.0,1,工作日
2024-03-08,高级,12.25,0.0,0.0,4,工作日
2024-03-09,中级,9.25,0.0,0.0,4,周末
2024-03-09,高级,11.25,0.0,0.0,4,周末
2024-03-10,中级,9.5,0.0,0.0,2,周末
2024-03-10,高级,17.25,0.0,0.0,4,周末
2024-03-11,中级,13.0,0.0,0.0,1,工作日
2024-03-11,高级,10.33,0.0,0.0,3,工作日
2024-03-12,中级,9.33,0.0,0.0,3,工作日
2024-03-12,高级,12.0,0.0,0.0,4,工作日
2024-03-13,中级,10.0,0.0,0.0,3,工作日
2024-03-13,高级,12.33,0.0,0.0,3,工作日
2024-03-14,中级,13.5,0.0,0.0,2,工作日
2024-03-14,高级,8.75,0.0,0.0,4,工作日
2024-03-15,中级,9.5,0.0,0.0,2,工作日
2024-03-15,高级,11.0,0.0,0.0,4,工作日
2024-03-16,中级,9.67,0.0,0.0,3,周末
2024-03-16,高级,11.2,0.0,0.0,5,周末
2024-03-17,中级,13.5,0.0,0.0,2,周末
2024-03-17,高级,17.0,0.0,0.0,4,周末
2024-03-18,中级,7.33,0.0,0.0,3,工作日
2024-03-18,高级,12.0,0.0,0.0,3,工作日
2024-03-19,中级,7.0,0.0,0.0,2,工作日
2024-03-19,高级,9.2,0.0,0.0,5,工作日
2024-03-20,中级,12.0,0.0,0.0,2,工作日
2024-03-20,高级,15.67,0.0,0.0,3,工作日
2024-03-21,中级,11.0,0.0,0.0,2,工作日
2024-03-21,高级,9.33,0.0,0.0,3,工作日
2024-03-22,中级,6.0,0.0,0.0,2,工作日
2024-03-22,高级,10.4,0.0,0.0,5,工作日
2024-03-23,中级,12.5,0.0,0.0,2,周末
2024-03-23,高级,13.75,0.0,0.0,4,周末
2024-03-24,中级,7.33,0.0,0.0,3,周末
2024-03-24,高级,11.33,0.0,0.0,6,周末
2024-03-25,中级,7.67,0.0,0.0,3,工作日
2024-03-25,高级,10.25,0.0,0.0,4,工作日
2024-03-26,中级,8.67,0.0,0.0,3,工作日
2024-03-26,高级,17.33,0.0,0.0,3,工作日
2024-03-27,中级,8.5,0.0,0.0,2,工作日
2024-03-27,高级,12.33,0.0,0.0,3,工作日
2024-03-28,中级,6.75,0.0,0.0,4,工作日
2024-03-28,高级,9.5,0.0,0.0,2,工作日
2024-03-29,中级,8.0,0.0,0.0,2,工作日
2024-03-29,高级,10.0,0.0,0.0,5,工作日
2024-03-30,中级,10.33,0.0,0.0,3,周末
2024-03-30,高级,16.0,0.0,0.0,4,周末
2024-03-31,中级,16.5,0.0,0.0,2,周末
2024-03-31,高级,18.4,0.0,0.0,5,周末
2024-04-01,中级,4.33,0.0,0.0,3,工作日
2024-04-01,高级,11.0,0.0,0.0,5,工作日
2024-04-02,中级,19.0,0.0,0.0,1,工作日
2024-04-02,高级,9.25,0.0,0.0,4,工作日
2024-04-03,中级,16.5,0.0,0.0,2,工作日
2024-04-03,高级,9.5,0.0,0.0,2,工作日
2024-04-04,中级,10.75,0.0,0.0,4,工作日
2024-04-04,高级,18.67,0.0,0.0,3,工作日
2024-04-05,中级,9.0,0.0,0.0,3,工作日
2024-04-05,高级,16.0,0.0,0.0,5,工作日
2024-04-06,中级,18.5,0.0,0.0,2,周末
2024-04-06,高级,11.75,0.0,0.0,4,周末
2024-04-07,中级,13.0,0.0,0.0,2,周末
2024-04-07,高级,9.33,0.0,0.0,6,周末
2024-04-08,中级,9.0,0.0,0.0,1,工作日
2024-04-08,高级,15.0,0.0,0.0,4,工作日
2024-04-09,中级,15.0,0.0,0.0,1,工作日
2024-04-09,高级,12.0,0.0,0.0,4,工作日
2024-04-10,中级,12.0,0.0,0.0,4,工作日
2024-04-10,高级,9.33,0.0,0.0,3,工作日
2024-04-11,中级,10.33,0.0,0.0,3,工作日
2024-04-11,高级,6.33,0.0,0.0,3,工作日
2024-04-12,中级,5.0,0.0,0.0,2,工作日
2024-04-12,高级,19.33,0.0,0.0,3,工作日
2024-04-13,中级,13.0,0.0,0.0,3,周末
2024-04-13,高级,14.0,0.0,0.0,4,周末
2024-04-14,中级,19.0,0.0,0.0,2,周末
2024-04-14,高级,14.25,0.0,0.0,4,周末
2024-04-15,中级,8.75,0.0,0.0,4,工作日
2024-04-15,高级,15.75,0.0,0.0,4,工作日
2024-04-16,中级,14.33,0.0,0.0,3,工作日
2024-04-16,高级,9.75,0.0,0.0,4,工作日
2024-04-17,中级,13.33,0.0,0.0,3,工作日
2024-04-17,高级,12.33,0.0,0.0,3,工作日
2024-04-18,中级,14.33,0.0,0.0,3,工作日
2024-04-18,高级,11.33,0.0,0.0,3,工作日
2024-04-19,中级,12.0,0.0,0.0,2,工作日
2024-04-19,高级,10.2,0.0,0.0,5,工作日
2024-04-20,中级,13.5,0.0,0.0,4,周末
2024-04-20,高级,16.75,0.0,0.0,4,周末
2024-04-21,中级,9.25,0.0,0.0,4,周末
2024-04-21,高级,12.67,0.0,0.0,3,周末
2024-04-22,中级,7.75,0.0,0.0,4,工作日
2024-04-22,高级,11.33,0.0,0.0,3,工作日
2024-04-23,中级,8.25,0.0,0.0,4,工作日
2024-04-23,高级,10.25,0.0,0.0,4,工作日
2024-04-24,中级,13.0,0.0,0.0,2,工作日
2024-04-24,高级,23.5,0.0,0.0,4,工作日
2024-04-25,中级,14.67,0.0,0.0,3,工作日
2024-04-25,高级,8.75,0.0,0.0,4,工作日
2024-04-26,中级,17.0,0.0,0.0,2,工作日
2024-04-26,高级,9.5,0.0,0.0,4,工作日
2024-04-27,中级,15.33,0.0,0.0,3,周末
2024-04-27,高级,13.8,0.0,0.0,5,周末
2024-04-28,中级,17.0,0.0,0.0,2,周末
2024-04-28,高级,13.0,0.0,0.0,3,周末
2024-04-29,中级,13.67,0.0,0.0,3,工作日
2024-04-29,高级,12.5,0.0,0.0,2,工作日
2024-04-30,中级,11.0,0.0,0.0,4,工作日
2024-04-30,高级,9.0,0.0,0.0,4,工作日
2024-05-01,中级,13.33,0.0,0.0,3,工作日
2024-05-01,高级,17.0,0.0,0.0,2,工作日
2024-05-02,中级,11.0,0.0,0.0,3,工作日
2024-05-02,高级,14.0,0.0,0.0,4,工作日
2024-05-03,中级,8.6,0.0,0.0,5,工作日
2024-05-03,高级,13.5,0.0,0.0,4,工作日
2024-05-04,中级,10.67,0.0,0.0,3,周末
2024-05-04,高级,25.5,0.0,0.0,2,周末
2024-05-05,中级,16.0,0.0,0.0,1,周末
2024-05-05,高级,20.4,0.0,0.0,5,周末
2024-05-06,中级,12.0,0.0,0.0,4,工作日
2024-05-06,高级,15.0,0.0,0.0,2,工作日
2024-05-07,中级,17.67,0.0,0.0,3,工作日
2024-05-07,高级,12.25,0.0,0.0,4,工作日
2024-05-08,中级,12.5,0.0,0.0,2,工作日
2024-05-08,高级,13.75,0.0,0.0,4,工作日
2024-05-09,中级,15.0,0.0,0.0,3,工作日
2024-05-09,高级,13.0,0.0,0.0,4,工作日
2024-05-10,中级,11.33,0.0,0.0,3,工作日
2024-05-10,高级,12.75,0.0,0.0,4,工作日
2024-05-11,中级,13.33,0.0,0.0,3,周末
2024-05-11,高级,12.25,0.0,0.0,4,周末
2024-05-12,中级,16.0,0.0,0.0,3,周末
2024-05-12,高级,24.33,0.0,0.0,3,周末
2024-05-13,中级,14.8,0.0,0.0,5,工作日
2024-05-13,高级,7.67,0.0,0.0,3,工作日
2024-05-14,中级,10.5,0.0,0.0,4,工作日
2024-05-14,高级,14.75,0.0,0.0,4,工作日
2024-05-15,中级,9.6,0.0,0.0,5,工作日
2024-05-15,高级,10.0,0.0,0.0,4,工作日
2024-05-16,中级,11.75,0.0,0.0,4,工作日
2024-05-16,高级,5.0,0.0,0.0,5,工作日
2024-05-17,中级,9.67,0.0,0.0,3,工作日
2024-05-17,高级,13.5,0.0,0.0,4,工作日
2024-05-18,中级,11.0,0.0,0.0,3,周末
2024-05-18,高级,15.6,0.0,0.0,5,周末
2024-05-19,中级,17.0,0.0,0.0,5,周末
2024-05-19,高级,16.33,0.0,0.0,3,周末
2024-05-20,中级,9.67,0.0,0.0,3,工作日
2024-05-20,高级,15.33,0.0,0.0,3,工作日
2024-05-21,中级,17.5,0.0,0.0,2,工作日
2024-05-21,高级,11.6,0.0,0.0,5,工作日
2024-05-22,中级,7.0,0.0,0.0,3,工作日
2024-05-22,高级,14.5,0.0,0.0,4,工作日
2024-05-23,中级,13.0,0.0,0.0,4,工作日
2024-05-23,高级,6.2,0.0,0.0,5,工作日
2024-05-24,中级,12.5,0.0,0.0,2,工作日
2024-05-24,高级,16.33,0.0,0.0,3,工作日
2024-05-25,中级,11.67,0.0,0.0,3,周末
2024-05-25,高级,16.33,0.0,0.0,6,周末
2024-05-26,中级,15.5,0.0,0.0,4,周末
2024-05-26,高级,11.25,0.0,0.0,4,周末
2024-05-27,中级,9.0,0.0,0.0,4,工作日
2024-05-27,高级,18.75,0.0,0.0,4,工作日
2024-05-28,中级,12.67,0.0,0.0,3,工作日
2024-05-28,高级,14.25,0.0,0.0,4,工作日
2024-05-29,中级,11.75,0.0,0.0,4,工作日
2024-05-29,高级,10.5,0.0,0.0,4,工作日
2024-05-30,中级,11.4,0.0,0.0,5,工作日
2024-05-30,高级,14.0,0.0,0.0,2,工作日
2024-05-31,中级,12.0,0.0,0.0,3,工作日
2024-05-31,高级,11.25,0.0,0.0,4,工作日
2024-06-01,中级,8.75,0.0,0.0,4,周末
2024-06-01,高级,14.8,0.0,0.0,5,周末
2024-06-02,中级,9.5,0.0,0.0,4,周末
2024-06-02,高级,16.8,0.0,0.0,5,周末
2024-06-03,中级,18.25,0.0,0.0,4,工作日
2024-06-03,高级,7.0,0.0,0.0,5,工作日
2024-06-04,中级,11.75,0.0,0.0,4,工作日
2024-06-04,高级,14.5,0.0,0.0,4,工作日
2024-06-05,中级,16.67,0.0,0.0,3,工作日
2024-06-05,高级,8.0,0.0,0.0,4,工作日
2024-06-06,中级,16.5,0.0,0.0,2,工作日
2024-06-06,高级,9.8,0.0,0.0,5,工作日
2024-06-07,中级,10.2,0.0,0.0,5,工作日
2024-06-07,高级,15.0,0.0,0.0,2,工作日
2024-06-08,中级,12.33,0.0,0.0,3,周末
2024-06-08,高级,15.4,0.0,0.0,5,周末
2024-06-09,中级,20.5,0.0,0.0,2,周末
2024-06-09,高级,15.25,0.0,0.0,4,周末
2024-06-10,中级,15.67,0.0,0.0,3,工作日
2024-06-10,高级,12.2,0.0,0.0,5,工作日
2024-06-11,中级,12.0,0.0,0.0,2,工作日
2024-06-11,高级,11.75,0.0,0.0,4,工作日
2024-06-12,中级,16.33,0.0,0.0,3,工作日
2024-06-12,高级,11.5,0.0,0.0,2,工作日
2024-06-13,中级,13.0,0.0,0.0,3,工作日
2024-06-13,高级,14.0,0.0,0.0,2,工作日
2024-06-14,中级,8.8,0.0,0.0,5,工作日
2024-06-14,高级,18.5,0.0,0.0,2,工作日
2024-06-15,中级,9.67,0.0,0.0,3,周末
2024-06-15,高级,22.8,0.0,0.0,5,周末
2024-06-16,中级,22.0,0.0,0.0,3,周末
2024-06-16,高级,9.2,0.0,0.0,5,周末
2024-06-17,中级,11.67,0.0,0.0,3,工作日
2024-06-17,高级,4.0,0.0,0.0,4,工作日
2024-06-18,中级,14.33,0.0,0.0,3,工作日
2024-06-18,高级,15.25,0.0,0.0,4,工作日
2024-06-19,中级,12.0,0.0,0.0,3,工作日
2024-06-19,高级,6.2,0.0,0.0,5,工作日
2024-06-20,中级,12.5,0.0,0.0,4,工作日
2024-06-20,高级,14.6,0.0,0.0,5,工作日
2024-06-21,中级,7.2,0.0,0.0,5,工作日
2024-06-21,高级,15.4,0.0,0.0,5,工作日
2024-06-22,中级,13.33,0.0,0.0,3,周末
2024-06-22,高级,18.0,0.0,0.0,5,周末
2024-06-23,中级,12.67,0.0,0.0,3,周末
2024-06-23,高级,15.0,0.0,0.0,5,周末
2024-06-24,中级,10.33,0.0,0.0,3,工作日
2024-06-24,高级,19.0,0.0,0.0,3,工作日
2024-06-25,中级,13.75,0.0,0.0,4,工作日
2024-06-25,高级,6.25,0.0,0.0,4,工作日
2024-06-26,中级,14.75,0.0,0.0,4,工作日
2024-06-26,高级,9.0,0.0,0.0,3,工作日
2024-06-27,中级,13.33,0.0,0.0,3,工作日
2024-06-27,高级,8.5,0.0,0.0,4,工作日
2024-06-28,中级,13.33,0.0,0.0,3,工作日
2024-06-28,高级,13.6,0.0,0.0,5,工作日
2024-06-29,中级,10.6,0.0,0.0,5,周末
2024-06-29,高级,13.0,0.0,0.0,4,周末
2024-06-30,中级,7.33,0.0,0.0,3,周末
2024-06-30,高级,18.83,0.0,0.0,6,周末
2024-07-01,中级,10.0,0.0,0.0,3,工作日
2024-07-01,高级,17.33,0.0,0.0,3,工作日
2024-07-02,中级,14.67,0.0,0.0,3,工作日
2024-07-02,高级,14.33,0.0,0.0,3,工作日
2024-07-03,中级,15.67,0.0,0.0,3,工作日
2024-07-03,高级,15.0,0.0,0.0,2,工作日
2024-07-04,中级,10.0,0.0,0.0,2,工作日
2024-07-04,高级,17.75,0.0,0.0,4,工作日
2024-07-05,中级,13.0,0.0,0.0,4,工作日
2024-07-05,高级,10.0,0.0,0.0,4,工作日
2024-07-06,中级,9.5,0.0,0.0,2,周末
2024-07-06,高级,16.2,0.0,0.0,5,周末
2024-07-07,中级,11.0,0.0,0.0,6,周末
2024-07-07,高级,20.33,0.0,0.0,3,周末
2024-07-08,中级,9.33,0.0,0.0,3,工作日
2024-07-08,高级,13.75,0.0,0.0,4,工作日
2024-07-09,中级,13.6,0.0,0.0,5,工作日
2024-07-09,高级,13.33,0.0,0.0,3,工作日
2024-07-10,中级,11.75,0.0,0.0,4,工作日
2024-07-10,高级,20.5,0.0,0.0,2,工作日
2024-07-11,中级,11.33,0.0,0.0,3,工作日
2024-07-11,高级,8.0,0.0,0.0,2,工作日
2024-07-12,中级,11.25,0.0,0.0,4,工作日
2024-07-12,高级,15.0,0.0,0.0,2,工作日
2024-07-13,中级,18.33,0.0,0.0,3,周末
2024-07-13,高级,14.67,0.0,0.0,3,周末
2024-07-14,中级,20.5,0.0,0.0,2,周末
2024-07-14,高级,12.6,0.0,0.0,5,周末
2024-07-15,中级,8.67,0.0,0.0,3,工作日
2024-07-15,高级,13.0,0.0,0.0,3,工作日
2024-07-16,中级,9.0,0.0,0.0,5,工作日
2024-07-16,高级,6.0,0.0,0.0,4,工作日
2024-07-17,中级,17.0,0.0,0.0,3,工作日
2024-07-17,高级,8.4,0.0,0.0,5,工作日
2024-07-18,中级,7.0,0.0,0.0,5,工作日
2024-07-18,高级,8.67,0.0,0.0,3,工作日
2024-07-19,中级,13.0,0.0,0.0,3,工作日
2024-07-19,高级,9.25,0.0,0.0,4,工作日
2024-07-20,中级,22.0,0.0,0.0,1,周末
2024-07-20,高级,23.0,0.0,0.0,4,周末
2024-07-21,中级,8.5,0.0,0.0,4,周末
2024-07-21,高级,22.75,0.0,0.0,4,周末
2024-07-22,中级,13.5,0.0,0.0,2,工作日
2024-07-22,高级,14.0,0.0,0.0,3,工作日
2024-07-23,中级,12.33,0.0,0.0,3,工作日
2024-07-23,高级,9.75,0.0,0.0,4,工作日
2024-07-24,中级,10.67,0.0,0.0,3,工作日
2024-07-24,高级,5.67,0.0,0.0,3,工作日
2024-07-25,中级,8.75,0.0,0.0,4,工作日
2024-07-25,高级,9.5,0.0,0.0,4,工作日
2024-07-26,中级,17.0,0.0,0.0,2,工作日
2024-07-26,高级,9.75,0.0,0.0,4,工作日
2024-07-27,中级,19.5,0.0,0.0,2,周末
2024-07-27,高级,18.0,0.0,0.0,5,周末
2024-07-28,中级,11.25,0.0,0.0,4,周末
2024-07-28,高级,15.8,0.0,0.0,5,周末
2024-07-29,中级,12.67,0.0,0.0,3,工作日
2024-07-29,高级,11.25,0.0,0.0,4,工作日
2024-07-30,中级,10.5,0.0,0.0,4,工作日
2024-07-30,高级,9.67,0.0,0.0,3,工作日
2024-07-31,中级,12.25,0.0,0.0,4,工作日
2024-07-31,高级,14.0,0.0,0.0,2,工作日
2024-08-01,中级,13.5,0.0,0.0,2,工作日
2024-08-01,高级,18.67,0.0,0.0,3,工作日
2024-08-02,中级,13.5,0.0,0.0,2,工作日
2024-08-02,高级,9.0,0.0,0.0,5,工作日
2024-08-03,高级,21.0,0.0,0.0,4,周末
2024-08-04,中级,15.0,0.0,0.0,3,周末
2024-08-04,高级,13.4,0.0,0.0,5,周末
2024-08-05,中级,11.5,0.0,0.0,4,工作日
2024-08-05,高级,12.0,0.0,0.0,3,工作日
2024-08-06,中级,12.75,0.0,0.0,4,工作日
2024-08-06,高级,15.0,0.0,0.0,2,工作日
2024-08-07,中级,12.33,0.0,0.0,3,工作日
2024-08-07,高级,7.2,0.0,0.0,5,工作日
2024-08-08,中级,8.25,0.0,0.0,4,工作日
2024-08-08,高级,14.0,0.0,0.0,4,工作日
2024-08-09,中级,10.25,0.0,0.0,4,工作日
2024-08-09,高级,8.67,0.0,0.0,3,工作日
2024-08-10,中级,16.0,0.0,0.0,2,周末
2024-08-10,高级,16.5,0.0,0.0,4,周末
2024-08-11,中级,21.0,0.0,0.0,2,周末
2024-08-11,高级,14.67,0.0,0.0,6,周末
2024-08-12,中级,16.0,0.0,0.0,3,工作日
2024-08-12,高级,10.0,0.0,0.0,3,工作日
2024-08-13,中级,15.33,0.0,0.0,3,工作日
2024-08-13,高级,12.5,0.0,0.0,4,工作日
2024-08-14,中级,9.5,0.0,0.0,4,工作日
2024-08-14,高级,6.5,0.0,0.0,4,工作日
2024-08-15,中级,15.5,0.0,0.0,2,工作日
2024-08-15,初级,2.0,0.0,0.0,1,工作日
2024-08-15,高级,12.5,0.0,0.0,2,工作日
2024-08-16,中级,15.0,0.0,0.0,3,工作日
2024-08-16,高级,6.33,0.0,0.0,3,工作日
2024-08-17,中级,11.0,0.0,0.0,2,周末
2024-08-17,高级,20.33,0.0,0.0,3,周末
2024-08-18,中级,16.0,0.0,0.0,1,周末
2024-08-18,高级,13.29,0.0,0.0,7,周末
2024-08-19,中级,11.67,0.0,0.0,3,工作日
2024-08-19,初级,2.0,0.0,0.0,1,工作日
2024-08-19,高级,7.25,0.0,0.0,4,工作日
2024-08-20,中级,10.0,0.0,0.0,2,工作日
2024-08-20,初级,6.0,0.0,0.0,2,工作日
2024-08-20,高级,10.2,0.0,0.0,5,工作日
2024-08-21,中级,9.25,0.0,0.0,4,工作日
2024-08-21,高级,18.0,0.0,0.0,3,工作日
2024-08-22,中级,16.67,0.0,0.0,3,工作日
2024-08-22,高级,12.33,0.0,0.0,3,工作日
2024-08-23,中级,13.33,0.0,0.0,3,工作日
2024-08-23,初级,2.0,0.0,0.0,1,工作日
2024-08-23,高级,7.0,0.0,0.0,3,工作日
2024-08-24,中级,7.0,0.0,0.0,5,周末
2024-08-24,高级,25.0,0.0,0.0,4,周末
2024-08-25,中级,19.0,0.0,0.0,1,周末
2024-08-25,初级,1.0,0.0,0.0,1,周末
2024-08-25,高级,15.17,0.0,0.0,6,周末
2024-08-26,中级,10.67,0.0,0.0,3,工作日
2024-08-26,初级,1.0,0.0,0.0,1,工作日
2024-08-26,高级,8.67,0.0,0.0,3,工作日
2024-08-27,中级,17.67,0.0,0.0,3,工作日
2024-08-27,高级,9.6,0.0,0.0,5,工作日
2024-08-28,中级,16.0,0.0,0.0,3,工作日
2024-08-28,初级,2.0,0.0,0.0,1,工作日
2024-08-28,高级,6.25,0.0,0.0,4,工作日
2024-08-29,中级,11.25,0.0,0.0,4,工作日
2024-08-29,初级,2.0,0.0,0.0,2,工作日
2024-08-29,高级,11.33,0.0,0.0,3,工作日
2024-08-30,中级,10.4,0.0,0.0,5,工作日
2024-08-30,高级,9.0,0.0,0.0,4,工作日
2024-08-31,中级,24.0,0.0,0.0,1,周末
2024-08-31,初级,1.0,0.0,0.0,1,周末
2024-08-31,高级,20.67,0.0,0.0,3,周末
2024-09-01,中级,18.33,0.0,0.0,3,周末
2024-09-01,高级,11.5,0.0,0.0,6,周末
2024-09-02,中级,14.0,0.0,0.0,3,工作日
2024-09-02,高级,17.0,0.0,0.0,2,工作日
2024-09-03,中级,16.0,0.0,0.0,2,工作日
2024-09-03,初级,2.0,0.0,0.0,2,工作日
2024-09-03,高级,14.0,0.0,0.0,2,工作日
2024-09-04,中级,20.0,0.0,0.0,1,工作日
2024-09-04,初级,1.0,0.0,0.0,1,工作日
2024-09-04,高级,20.33,0.0,0.0,3,工作日
2024-09-05,中级,16.0,0.0,0.0,2,工作日
2024-09-05,初级,3.0,0.0,0.0,1,工作日
2024-09-05,高级,15.33,0.0,0.0,3,工作日
2024-09-06,中级,14.25,0.0,0.0,4,工作日
2024-09-06,高级,8.25,0.0,0.0,4,工作日
2024-09-07,中级,12.0,0.0,0.0,3,周末
2024-09-07,高级,16.4,0.0,0.0,5,周末
2024-09-08,中级,20.0,0.0,0.0,1,周末
2024-09-08,高级,20.5,0.0,0.0,4,周末
2024-09-09,中级,15.5,0.0,0.0,2,工作日
2024-09-09,初级,1.0,0.0,0.0,1,工作日
2024-09-09,高级,8.0,0.0,0.0,4,工作日
2024-09-10,中级,14.0,0.0,0.0,2,工作日
2024-09-10,高级,13.2,0.0,0.0,5,工作日
2024-09-11,中级,13.5,0.0,0.0,2,工作日
2024-09-11,初级,5.0,0.0,0.0,1,工作日
2024-09-11,高级,11.4,0.0,0.0,5,工作日
2024-09-12,中级,11.67,0.0,0.0,3,工作日
2024-09-12,初级,3.0,0.0,0.0,1,工作日
2024-09-12,高级,11.5,0.0,0.0,2,工作日
2024-09-13,中级,9.0,0.0,0.0,5,工作日
2024-09-13,初级,3.0,0.0,0.0,1,工作日
2024-09-13,高级,10.5,0.0,0.0,4,工作日
2024-09-14,中级,12.25,0.0,0.0,4,周末
2024-09-14,高级,10.4,0.0,0.0,5,周末
2024-09-15,中级,16.5,0.0,0.0,4,周末
2024-09-15,高级,14.33,0.0,0.0,3,周末
2024-09-16,中级,8.25,0.0,0.0,4,工作日
2024-09-16,初级,4.0,0.0,0.0,1,工作日
2024-09-16,高级,12.17,0.0,0.0,6,工作日
2024-09-17,中级,12.75,0.0,0.0,4,工作日
2024-09-17,高级,5.25,0.0,0.0,4,工作日
2024-09-18,中级,11.33,0.0,0.0,3,工作日
2024-09-18,初级,1.5,0.0,0.0,2,工作日
2024-09-18,高级,12.33,0.0,0.0,3,工作日
2024-09-19,中级,15.67,0.0,0.0,3,工作日
2024-09-19,初级,3.0,0.0,0.0,1,工作日
2024-09-19,高级,10.5,0.0,0.0,4,工作日
2024-09-20,中级,12.75,0.0,0.0,4,工作日
2024-09-20,初级,5.0,0.0,0.0,1,工作日
2024-09-20,高级,9.67,0.0,0.0,3,工作日
2024-09-21,中级,16.5,0.0,0.0,4,周末
2024-09-21,高级,11.0,0.0,0.0,4,周末
2024-09-22,中级,14.75,0.0,0.0,4,周末
2024-09-22,高级,16.4,0.0,0.0,5,周末
2024-09-23,中级,11.67,0.0,0.0,3,工作日
2024-09-23,初级,4.0,0.0,0.0,1,工作日
2024-09-23,高级,11.0,0.0,0.0,3,工作日
2024-09-24,中级,12.5,0.0,0.0,4,工作日
2024-09-24,高级,15.0,0.0,0.0,2,工作日
2024-09-25,中级,6.5,0.0,0.0,6,工作日
2024-09-25,初级,3.0,0.0,0.0,1,工作日
2024-09-25,高级,10.33,0.0,0.0,3,工作日
2024-09-26,中级,11.8,0.0,0.0,5,工作日
2024-09-26,初级,1.0,0.0,0.0,1,工作日
2024-09-26,高级,10.0,0.0,0.0,4,工作日
2024-09-27,中级,9.75,0.0,0.0,4,工作日
2024-09-27,初级,6.0,0.0,0.0,1,工作日
2024-09-27,高级,6.33,0.0,0.0,3,工作日
2024-09-28,中级,12.5,0.0,0.0,2,周末
2024-09-28,高级,24.25,0.0,0.0,4,周末
2024-09-29,中级,19.0,0.0,0.0,2,周末
2024-09-29,高级,11.5,0.0,0.0,6,周末
2024-09-30,中级,10.33,0.0,0.0,3,工作日
2024-09-30,初级,3.0,0.0,0.0,1,工作日
2024-09-30,高级,11.0,0.0,0.0,4,工作日
2024-10-01,中级,13.33,0.0,0.0,3,工作日
2024-10-01,初级,2.0,0.0,0.0,1,工作日
2024-10-01,高级,17.0,0.0,0.0,3,工作日
2024-10-02,中级,12.0,0.0,0.0,4,工作日
2024-10-02,初级,5.0,0.0,0.0,1,工作日
2024-10-02,高级,12.0,0.0,0.0,3,工作日
2024-10-03,中级,18.5,0.0,0.0,2,工作日
2024-10-03,初级,3.0,0.0,0.0,1,工作日
2024-10-03,高级,11.25,0.0,0.0,4,工作日
2024-10-04,中级,15.5,0.0,0.0,2,工作日
2024-10-04,初级,1.0,0.0,0.0,1,工作日
2024-10-04,高级,13.5,0.0,0.0,4,工作日
2024-10-05,中级,9.67,0.0,0.0,3,周末
2024-10-05,初级,1.0,0.0,0.0,1,周末
2024-10-05,高级,11.17,0.0,0.0,6,周末
2024-10-06,中级,12.0,0.0,0.0,3,周末
2024-10-06,高级,20.67,0.0,0.0,3,周末
2024-10-07,中级,9.25,0.0,0.0,4,工作日
2024-10-07,初级,3.0,0.0,0.0,1,工作日
2024-10-07,高级,7.75,0.0,0.0,4,工作日
2024-10-08,中级,14.33,0.0,0.0,3,工作日
2024-10-08,初级,4.0,0.0,0.0,1,工作日
2024-10-08,高级,8.5,0.0,0.0,4,工作日
2024-10-09,中级,16.33,0.0,0.0,3,工作日
2024-10-09,初级,2.5,0.0,0.0,2,工作日
2024-10-09,高级,10.0,0.0,0.0,3,工作日
2024-10-10,中级,13.0,0.0,0.0,2,工作日
2024-10-10,高级,10.33,0.0,0.0,3,工作日
2024-10-11,中级,15.33,0.0,0.0,3,工作日
2024-10-11,初级,7.0,0.0,0.0,1,工作日
2024-10-11,高级,17.5,0.0,0.0,2,工作日
2024-10-12,中级,21.0,0.0,0.0,3,周末
2024-10-12,初级,6.0,0.0,0.0,1,周末
2024-10-12,高级,22.67,0.0,0.0,3,周末
2024-10-13,中级,19.67,0.0,0.0,3,周末
2024-10-13,高级,24.33,0.0,0.0,3,周末
2024-10-14,中级,11.75,0.0,0.0,4,工作日
2024-10-14,初级,4.0,0.0,0.0,1,工作日
2024-10-14,高级,11.0,0.0,0.0,3,工作日
2024-10-15,中级,13.67,0.0,0.0,3,工作日
2024-10-15,初级,4.0,0.0,0.0,1,工作日
2024-10-15,高级,9.8,0.0,0.0,5,工作日
2024-10-16,中级,12.67,0.0,0.0,3,工作日
2024-10-16,初级,4.5,0.0,0.0,2,工作日
2024-10-16,高级,23.67,0.0,0.0,3,工作日
2024-10-17,中级,12.5,0.0,0.0,2,工作日
2024-10-17,初级,3.0,0.0,0.0,1,工作日
2024-10-17,高级,7.5,0.0,0.0,4,工作日
2024-10-18,中级,9.5,0.0,0.0,4,工作日
2024-10-18,初级,8.0,0.0,0.0,1,工作日
2024-10-18,高级,9.0,0.0,0.0,5,工作日
2024-10-19,中级,14.75,0.0,0.0,4,周末
2024-10-19,高级,15.0,0.0,0.0,4,周末
2024-10-20,中级,15.0,0.0,0.0,3,周末
2024-10-20,初级,3.0,0.0,0.0,1,周末
2024-10-20,高级,23.75,0.0,0.0,4,周末
2024-10-21,中级,10.5,0.0,0.0,4,工作日
2024-10-21,初级,4.5,0.0,0.0,2,工作日
2024-10-21,高级,9.0,0.0,0.0,4,工作日
2024-10-22,中级,12.0,0.0,0.0,4,工作日
2024-10-22,初级,4.0,0.0,0.0,1,工作日
2024-10-22,高级,15.33,0.0,0.0,3,工作日
2024-10-23,中级,17.0,0.0,0.0,3,工作日
2024-10-23,初级,3.0,0.0,0.0,2,工作日
2024-10-23,高级,6.0,0.0,0.0,3,工作日
2024-10-24,中级,13.0,0.0,0.0,2,工作日
2024-10-24,初级,4.0,0.0,0.0,1,工作日
2024-10-24,高级,11.25,0.0,0.0,4,工作日
2024-10-25,中级,14.5,0.0,0.0,2,工作日
2024-10-25,高级,14.67,0.0,0.0,3,工作日
2024-10-26,中级,13.5,0.0,0.0,4,周末
2024-10-26,高级,12.8,0.0,0.0,5,周末
2024-10-27,中级,13.33,0.0,0.0,3,周末
2024-10-27,初级,3.0,0.0,0.0,1,周末
2024-10-27,高级,24.0,0.0,0.0,4,周末
2024-10-28,中级,14.5,0.0,0.0,2,工作日
2024-10-28,高级,7.6,0.0,0.0,5,工作日
2024-10-29,中级,15.33,0.0,0.0,3,工作日
2024-10-29,初级,3.5,0.0,0.0,2,工作日
2024-10-29,高级,11.0,0.0,0.0,3,工作日
2024-10-30,中级,13.0,0.0,0.0,2,工作日
2024-10-30,高级,18.33,0.0,0.0,3,工作日
2024-10-31,中级,15.5,0.0,0.0,4,工作日
2024-10-31,初级,8.0,0.0,0.0,1,工作日
2024-10-31,高级,13.67,0.0,0.0,3,工作日
2024-11-01,中级,18.5,0.0,0.0,2,工作日
2024-11-01,初级,3.33,0.0,0.0,3,工作日
2024-11-01,高级,8.6,0.0,0.0,5,工作日
2024-11-02,中级,18.33,0.0,0.0,3,周末
2024-11-02,初级,5.0,0.0,0.0,1,周末
2024-11-02,高级,17.0,0.0,0.0,4,周末
2024-11-03,中级,11.33,0.0,0.0,3,周末
2024-11-03,初级,5.0,0.0,0.0,1,周末
2024-11-03,高级,18.0,0.0,0.0,5,周末
2024-11-04,中级,14.67,0.0,0.0,3,工作日
2024-11-04,高级,13.33,0.0,0.0,3,工作日
2024-11-05,中级,10.5,0.0,0.0,4,工作日
2024-11-05,初级,4.0,0.0,0.0,1,工作日
2024-11-05,高级,11.0,0.0,0.0,3,工作日
2024-11-06,中级,14.33,0.0,0.0,3,工作日
2024-11-06,初级,9.0,0.0,0.0,2,工作日
2024-11-06,高级,9.33,0.0,0.0,3,工作日
2024-11-07,中级,11.5,0.0,0.0,4,工作日
2024-11-07,初级,6.0,0.0,0.0,1,工作日
2024-11-07,高级,13.5,0.0,0.0,2,工作日
2024-11-08,中级,17.67,0.0,0.0,3,工作日
2024-11-08,初级,7.0,0.0,0.0,1,工作日
2024-11-08,高级,13.67,0.0,0.0,3,工作日
2024-11-09,中级,10.0,0.0,0.0,2,周末
2024-11-09,高级,13.0,0.0,0.0,4,周末
2024-11-10,中级,15.5,0.0,0.0,2,周末
2024-11-10,初级,3.5,0.0,0.0,2,周末
2024-11-10,高级,15.17,0.0,0.0,6,周末
2024-11-11,中级,16.67,0.0,0.0,3,工作日
2024-11-11,初级,7.0,0.0,0.0,1,工作日
2024-11-11,高级,17.0,0.0,0.0,2,工作日
2024-11-12,中级,16.0,0.0,0.0,3,工作日
2024-11-12,初级,3.0,0.0,0.0,1,工作日
2024-11-12,高级,10.0,0.0,0.0,4,工作日
2024-11-13,中级,11.75,0.0,0.0,4,工作日
2024-11-13,初级,4.0,0.0,0.0,1,工作日
2024-11-13,高级,11.0,0.0,0.0,3,工作日
2024-11-14,中级,13.5,0.0,0.0,4,工作日
2024-11-14,初级,4.0,0.0,0.0,1,工作日
2024-11-14,高级,12.0,0.0,0.0,3,工作日
2024-11-15,中级,10.75,0.0,0.0,4,工作日
2024-11-15,初级,3.5,0.0,0.0,2,工作日
2024-11-15,高级,8.4,0.0,0.0,5,工作日
2024-11-16,中级,14.25,0.0,0.0,4,周末
2024-11-16,初级,7.0,0.0,0.0,1,周末
2024-11-16,高级,23.67,0.0,0.0,3,周末
2024-11-17,中级,7.5,0.0,0.0,4,周末
2024-11-17,高级,20.4,0.0,0.0,5,周末
2024-11-18,中级,14.33,0.0,0.0,3,工作日
2024-11-18,初级,3.0,0.0,0.0,2,工作日
2024-11-18,高级,7.0,0.0,0.0,4,工作日
2024-11-19,中级,16.33,0.0,0.0,3,工作日
2024-11-19,高级,11.33,0.0,0.0,3,工作日
2024-11-20,中级,11.2,0.0,0.0,5,工作日
2024-11-20,高级,21.5,0.0,0.0,2,工作日
2024-11-21,中级,10.75,0.0,0.0,4,工作日
2024-11-21,初级,8.0,0.0,0.0,2,工作日
2024-11-21,高级,17.5,0.0,0.0,2,工作日
2024-11-22,中级,13.0,0.0,0.0,3,工作日
2024-11-22,初级,3.0,0.0,0.0,1,工作日
2024-11-22,高级,11.33,0.0,0.0,3,工作日
2024-11-23,中级,19.67,0.0,0.0,3,周末
2024-11-23,初级,2.5,0.0,0.0,2,周末
2024-11-23,高级,28.0,0.0,0.0,3,周末
2024-11-24,中级,10.67,0.0,0.0,3,周末
2024-11-24,初级,5.0,0.0,0.0,1,周末
2024-11-24,高级,12.5,0.0,0.0,6,周末
2024-11-25,中级,14.67,0.0,0.0,3,工作日
2024-11-25,初级,9.0,0.0,0.0,1,工作日
2024-11-25,高级,10.33,0.0,0.0,3,工作日
2024-11-26,中级,10.4,0.0,0.0,5,工作日
2024-11-26,初级,2.0,0.0,0.0,1,工作日
2024-11-26,高级,9.67,0.0,0.0,3,工作日
2024-11-27,中级,11.75,0.0,0.0,4,工作日
2024-11-27,初级,6.0,0.0,0.0,1,工作日
2024-11-27,高级,17.5,0.0,0.0,2,工作日
2024-11-28,中级,17.0,0.0,0.0,2,工作日
2024-11-28,初级,6.0,0.0,0.0,1,工作日
2024-11-28,高级,9.67,0.0,0.0,3,工作日
2024-11-29,中级,11.33,0.0,0.0,3,工作日
2024-11-29,初级,7.0,0.0,0.0,2,工作日
2024-11-29,高级,12.2,0.0,0.0,5,工作日
2024-11-30,中级,17.25,0.0,0.0,4,周末
2024-11-30,初级,1.0,0.0,0.0,1,周末
2024-11-30,高级,10.2,0.0,0.0,5,周末
2024-12-01,中级,11.0,0.0,0.0,4,周末
2024-12-01,初级,6.0,0.0,0.0,1,周末
2024-12-01,高级,18.75,0.0,0.0,4,周末
2024-12-02,中级,12.33,0.0,0.0,3,工作日
2024-12-02,初级,4.0,0.0,0.0,3,工作日
2024-12-02,高级,9.33,0.0,0.0,3,工作日
2024-12-03,中级,11.67,0.0,0.0,3,工作日
2024-12-03,高级,11.0,0.0,0.0,4,工作日
2024-12-04,中级,18.33,0.0,0.0,3,工作日
2024-12-04,初级,8.0,0.0,0.0,1,工作日
2024-12-04,高级,14.33,0.0,0.0,3,工作日
2024-12-05,中级,14.67,0.0,0.0,3,工作日
2024-12-05,初级,6.33,0.0,0.0,3,工作日
2024-12-05,高级,10.33,0.0,0.0,3,工作日
2024-12-06,中级,15.67,0.0,0.0,3,工作日
2024-12-06,初级,5.0,0.0,0.0,3,工作日
2024-12-06,高级,8.25,0.0,0.0,4,工作日
2024-12-07,中级,7.5,0.0,0.0,2,周末
2024-12-07,初级,7.5,0.0,0.0,2,周末
2024-12-07,高级,27.75,0.0,0.0,4,周末
2024-12-08,中级,21.5,0.0,0.0,2,周末
2024-12-08,高级,16.4,0.0,0.0,5,周末
2024-12-09,中级,17.5,0.0,0.0,2,工作日
2024-12-09,初级,7.0,0.0,0.0,2,工作日
2024-12-09,高级,11.25,0.0,0.0,4,工作日
2024-12-10,中级,12.0,0.0,0.0,4,工作日
2024-12-10,高级,7.25,0.0,0.0,4,工作日
2024-12-11,中级,20.0,0.0,0.0,3,工作日
2024-12-11,初级,7.0,0.0,0.0,2,工作日
2024-12-11,高级,9.0,0.0,0.0,4,工作日
2024-12-12,中级,11.0,0.0,0.0,3,工作日
2024-12-12,初级,6.0,0.0,0.0,3,工作日
2024-12-12,高级,12.0,0.0,0.0,3,工作日
2024-12-13,中级,19.0,0.0,0.0,2,工作日
2024-12-13,初级,7.67,0.0,0.0,3,工作日
2024-12-13,高级,9.75,0.0,0.0,4,工作日
2024-12-14,中级,10.0,0.0,0.0,2,周末
2024-12-14,高级,19.0,0.0,0.0,5,周末
2024-12-15,中级,11.33,0.0,0.0,3,周末
2024-12-15,高级,15.4,0.0,0.0,5,周末
2024-12-16,中级,19.0,0.0,0.0,2,工作日
2024-12-16,初级,6.5,0.0,0.0,2,工作日
2024-12-16,高级,12.33,0.0,0.0,3,工作日
2024-12-17,中级,12.75,0.0,0.0,4,工作日
2024-12-17,初级,8.0,0.0,0.0,1,工作日
2024-12-17,高级,9.25,0.0,0.0,4,工作日
2024-12-18,中级,17.33,0.0,0.0,3,工作日
2024-12-18,初级,9.0,0.0,0.0,1,工作日
2024-12-18,高级,21.0,0.0,0.0,2,工作日
2024-12-19,中级,9.0,0.0,0.0,4,工作日
2024-12-19,初级,8.0,0.0,0.0,1,工作日
2024-12-19,高级,10.67,0.0,0.0,3,工作日
2024-12-20,中级,9.33,0.0,0.0,3,工作日
2024-12-20,初级,6.0,0.0,0.0,2,工作日
2024-12-20,高级,8.0,0.0,0.0,4,工作日
2024-12-21,中级,14.25,0.0,0.0,4,周末
2024-12-21,高级,21.5,0.0,0.0,4,周末
2024-12-22,中级,14.0,0.0,0.0,3,周末
2024-12-22,初级,6.0,0.0,0.0,1,周末
2024-12-22,高级,19.5,0.0,0.0,4,周末
2024-12-23,中级,11.0,0.0,0.0,3,工作日
2024-12-23,初级,9.0,0.0,0.0,1,工作日
2024-12-23,高级,7.75,0.0,0.0,4,工作日
2024-12-24,中级,17.33,0.0,0.0,3,工作日
2024-12-24,初级,9.0,0.0,0.0,1,工作日
2024-12-24,高级,16.5,0.0,0.0,2,工作日
2024-12-25,中级,14.67,0.0,0.0,3,工作日
2024-12-25,初级,10.0,0.0,0.0,1,工作日
2024-12-25,高级,13.33,0.0,0.0,3,工作日
2024-12-26,中级,13.67,0.0,0.0,3,工作日
2024-12-26,初级,9.0,0.0,0.0,1,工作日
2024-12-26,高级,12.0,0.0,0.0,3,工作日
2024-12-27,中级,14.67,0.0,0.0,3,工作日
2024-12-27,初级,7.0,0.0,0.0,1,工作日
2024-12-27,高级,7.0,0.0,0.0,4,工作日
2024-12-28,中级,13.5,0.0,0.0,4,周末
2024-12-28,初级,11.0,0.0,0.0,1,周末
2024-12-28,高级,26.0,0.0,0.0,3,周末
2024-12-29,中级,13.5,0.0,0.0,4,周末
2024-12-29,初级,5.33,0.0,0.0,3,周末
2024-12-29,高级,16.33,0.0,0.0,3,周末
2024-12-30,中级,12.0,0.0,0.0,3,工作日
2024-12-30,初级,8.0,0.0,0.0,1,工作日
2024-12-30,高级,7.75,0.0,0.0,4,工作日
2024-12-31,中级,7.0,0.0,0.0,3,工作日
2024-12-31,初级,4.67,0.0,0.0,3,工作日
2024-12-31,高级,7.0,0.0,0.0,3,工作日
2025-01-01,中级,14.33,2070.0,144.45,3,工作日
2025-01-01,初级,6.5,6660.0,1024.62,2,工作日
2025-01-01,高级,16.33,348.0,21.31,3,工作日
2025-01-02,中级,12.67,3200.0,252.57,3,工作日
2025-01-02,初级,6.67,10640.0,1595.2,3,工作日
2025-01-02,高级,16.67,0.0,0.0,3,工作日
2025-01-03,中级,9.2,4398.0,478.04,5,工作日
2025-01-03,初级,3.67,4680.0,1275.2,3,工作日
2025-01-03,高级,7.8,0.0,0.0,5,工作日
2025-01-04,中级,18.0,1810.0,100.56,2,周末
2025-01-04,初级,12.0,7970.0,664.17,1,周末
2025-01-04,高级,16.2,0.0,0.0,5,周末
2025-01-05,中级,12.5,0.0,0.0,2,周末
2025-01-05,初级,1.0,860.0,860.0,1,周末
2025-01-05,高级,19.6,190.0,9.69,5,周末
2025-01-06,中级,17.0,1400.0,82.35,2,工作日
2025-01-06,初级,4.0,6070.0,1517.5,3,工作日
2025-01-06,高级,13.33,0.0,0.0,3,工作日
2025-01-07,中级,11.0,4930.0,448.18,4,工作日
2025-01-07,初级,4.5,3970.0,882.22,2,工作日
2025-01-07,高级,13.0,0.0,0.0,3,工作日
2025-01-08,中级,13.0,0.0,0.0,3,工作日
2025-01-08,初级,5.33,7898.0,1481.8,3,工作日
2025-01-08,高级,11.33,0.0,0.0,3,工作日
2025-01-09,中级,18.0,1288.0,71.56,3,工作日
2025-01-09,初级,7.33,12418.0,1694.13,3,工作日
2025-01-09,高级,15.25,0.0,0.0,4,工作日
2025-01-10,中级,13.33,1650.0,123.78,3,工作日
2025-01-10,初级,7.0,8640.0,1234.29,2,工作日
2025-01-10,高级,8.25,0.0,0.0,4,工作日
2025-01-11,中级,19.0,2690.0,141.58,2,周末
2025-01-11,初级,4.5,4200.0,933.33,2,周末
2025-01-11,高级,24.75,0.0,0.0,4,周末
2025-01-12,中级,15.33,1638.0,106.85,3,周末
2025-01-12,初级,4.0,2600.0,650.0,1,周末
2025-01-12,高级,23.25,340.0,14.62,4,周末
2025-01-13,中级,10.4,1110.0,106.73,5,工作日
2025-01-13,初级,2.0,1210.0,605.0,1,工作日
2025-01-13,高级,11.0,150.0,13.64,3,工作日
2025-01-14,中级,10.4,1968.0,189.23,5,工作日
2025-01-14,初级,6.25,12490.0,1998.4,4,工作日
2025-01-14,高级,15.33,0.0,0.0,3,工作日
2025-01-15,中级,10.0,3430.0,343.0,5,工作日
2025-01-15,初级,7.0,10740.0,1534.29,3,工作日
2025-01-15,高级,18.33,0.0,0.0,3,工作日
2025-01-16,中级,13.33,2890.0,216.8,3,工作日
2025-01-16,初级,7.5,13630.0,1817.33,4,工作日
2025-01-16,高级,16.0,0.0,0.0,2,工作日
2025-01-17,中级,16.0,2008.0,125.5,2,工作日
2025-01-17,初级,9.0,8040.0,893.33,2,工作日
2025-01-17,高级,8.75,0.0,0.0,4,工作日
2025-01-18,中级,15.0,1500.0,100.0,3,周末
2025-01-18,初级,10.0,3800.0,380.0,1,周末
2025-01-18,高级,21.33,0.0,0.0,3,周末
2025-01-19,中级,12.6,1008.0,80.0,5,周末
2025-01-19,高级,14.5,710.0,48.97,4,周末
2025-01-20,中级,13.75,3190.0,232.0,4,工作日
2025-01-20,初级,6.75,12968.0,1921.19,4,工作日
2025-01-20,高级,8.75,0.0,0.0,4,工作日
2025-01-21,中级,13.0,1320.0,101.54,4,工作日
2025-01-21,初级,7.5,7520.0,1002.67,2,工作日
2025-01-21,高级,8.25,0.0,0.0,4,工作日
2025-01-22,中级,8.75,2030.0,232.0,4,工作日
2025-01-22,初级,6.67,10490.0,1572.71,3,工作日
2025-01-22,高级,9.33,0.0,0.0,3,工作日
2025-01-23,中级,8.6,2340.0,272.09,5,工作日
2025-01-23,初级,8.0,12260.0,1532.5,3,工作日
2025-01-23,高级,6.75,428.0,63.41,4,工作日
2025-01-24,中级,12.33,670.0,54.34,3,工作日
2025-01-24,初级,4.5,3300.0,733.33,2,工作日
2025-01-24,高级,6.2,0.0,0.0,5,工作日
2025-01-25,中级,15.67,1088.0,69.43,3,周末
2025-01-25,高级,12.0,0.0,0.0,5,周末
2025-01-26,中级,6.33,1860.0,293.84,3,周末
2025-01-26,高级,10.14,380.0,37.48,7,周末
2025-01-27,中级,10.0,0.0,0.0,1,工作日
2025-01-27,高级,11.0,0.0,0.0,3,工作日
2025-02-05,中级,19.5,0.0,0.0,4,工作日
2025-02-05,高级,11.5,0.0,0.0,4,工作日
2025-02-06,中级,16.5,590.0,35.76,4,工作日
2025-02-06,初级,3.0,1800.0,600.0,1,工作日
2025-02-06,高级,8.0,0.0,0.0,4,工作日
2025-02-07,中级,20.67,850.0,41.12,3,工作日
2025-02-07,初级,12.0,6230.0,519.17,1,工作日
2025-02-07,高级,22.0,0.0,0.0,2,工作日
2025-02-08,中级,14.33,860.0,60.01,3,周末
2025-02-08,初级,9.0,4120.0,457.78,1,周末
2025-02-08,高级,9.6,0.0,0.0,5,周末
2025-02-09,中级,12.75,1770.0,138.82,4,周末
2025-02-09,初级,6.5,5590.0,860.0,2,周末
2025-02-09,高级,18.17,1495.0,82.28,6,周末
2025-02-10,中级,16.25,2028.0,124.8,4,工作日
2025-02-10,初级,6.0,5080.0,846.67,2,工作日
2025-02-10,高级,16.0,0.0,0.0,3,工作日
2025-02-11,中级,15.33,1710.0,111.55,3,工作日
2025-02-11,初级,6.0,5990.0,998.33,2,工作日
2025-02-11,高级,13.67,0.0,0.0,3,工作日
2025-02-12,中级,13.75,2890.0,210.18,4,工作日
2025-02-12,初级,6.5,7140.0,1098.46,2,工作日
2025-02-12,高级,20.0,0.0,0.0,2,工作日
2025-02-13,中级,18.67,0.0,0.0,3,工作日
2025-02-13,初级,7.33,10230.0,1395.63,3,工作日
2025-02-13,高级,21.5,260.0,12.09,2,工作日
2025-02-14,中级,13.0,1650.0,126.92,4,工作日
2025-02-14,初级,8.0,4210.0,526.25,1,工作日
2025-02-14,高级,10.33,0.0,0.0,3,工作日
2025-02-15,中级,21.67,1060.0,48.92,3,周末
2025-02-15,初级,7.67,12040.0,1569.75,3,周末
2025-02-15,高级,18.5,0.0,0.0,4,周末
2025-02-16,中级,22.0,740.0,33.64,2,周末
2025-02-16,高级,28.25,0.0,0.0,4,周末
2025-02-17,中级,15.5,6300.0,406.45,4,工作日
2025-02-17,初级,12.0,6490.0,540.83,1,工作日
2025-02-17,高级,16.33,0.0,0.0,3,工作日
2025-02-18,中级,21.0,190.0,9.05,2,工作日
2025-02-18,初级,9.0,14520.0,1613.33,3,工作日
2025-02-18,高级,9.6,0.0,0.0,5,工作日
2025-02-19,中级,18.0,1580.0,87.78,2,工作日
2025-02-19,初级,11.5,10600.0,921.74,2,工作日
2025-02-19,高级,11.33,80.0,7.06,3,工作日
2025-02-20,中级,19.0,1297.0,68.26,3,工作日
2025-02-20,高级,9.67,0.0,0.0,3,工作日
2025-02-21,中级,11.5,0.0,0.0,4,工作日
2025-02-21,初级,8.67,12398.0,1429.99,3,工作日
2025-02-21,高级,14.67,0.0,0.0,3,工作日
2025-02-22,中级,21.5,850.0,39.53,2,周末
2025-02-22,初级,12.0,7160.0,596.67,1,周末
2025-02-22,高级,15.17,260.0,17.14,6,周末
2025-02-23,中级,11.0,1220.0,110.91,4,周末
2025-02-23,初级,5.67,9210.0,1624.34,3,周末
2025-02-23,高级,17.6,0.0,0.0,5,周末
2025-02-24,中级,11.33,986.0,87.03,3,工作日
2025-02-24,初级,4.67,5940.0,1271.95,3,工作日
2025-02-24,高级,10.25,150.0,14.63,4,工作日
2025-02-25,中级,11.5,1480.0,128.7,4,工作日
2025-02-25,初级,8.67,12070.0,1392.16,3,工作日
2025-02-25,高级,7.0,0.0,0.0,4,工作日
2025-02-26,中级,13.0,3830.0,294.62,4,工作日
2025-02-26,初级,8.5,11290.0,1328.24,2,工作日
2025-02-26,高级,10.0,0.0,0.0,3,工作日
2025-02-27,中级,11.33,0.0,0.0,3,工作日
2025-02-27,初级,10.5,22500.0,2142.86,4,工作日
2025-02-27,高级,18.0,0.0,0.0,2,工作日
2025-02-28,中级,16.0,1848.0,115.5,3,工作日
2025-02-28,初级,6.5,5730.0,881.54,2,工作日
2025-02-28,高级,9.5,0.0,0.0,4,工作日
2025-03-01,中级,13.5,0.0,0.0,2,周末
2025-03-01,高级,17.33,190.0,10.96,6,周末
2025-03-02,中级,14.75,730.0,49.49,4,周末
2025-03-02,初级,6.67,10040.0,1505.25,3,周末
2025-03-02,高级,16.5,0.0,0.0,6,周末
2025-03-03,中级,14.33,590.0,41.17,3,工作日
2025-03-03,初级,10.5,10850.0,1033.33,2,工作日
2025-03-03,高级,12.25,596.0,48.65,4,工作日
2025-03-04,中级,22.0,1060.0,48.18,2,工作日
2025-03-04,初级,7.67,23820.0,3105.61,6,工作日
2025-03-04,高级,14.0,0.0,0.0,3,工作日
2025-03-05,中级,22.0,0.0,0.0,2,工作日
2025-03-05,初级,8.4,21990.0,2617.86,5,工作日
2025-03-05,高级,19.5,0.0,0.0,2,工作日
2025-03-06,中级,12.25,2440.0,199.18,4,工作日
2025-03-06,初级,7.67,13200.0,1720.99,3,工作日
2025-03-06,高级,11.67,590.0,50.56,3,工作日
2025-03-07,中级,12.75,1000.0,78.43,4,工作日
2025-03-07,初级,8.33,12530.0,1504.2,3,工作日
2025-03-07,高级,12.0,0.0,0.0,3,工作日
2025-03-08,中级,20.0,850.0,42.5,2,周末
2025-03-08,高级,17.2,330.0,19.19,5,周末
2025-03-09,中级,23.5,1180.0,50.21,2,周末
2025-03-09,初级,5.0,4920.0,984.0,2,周末
2025-03-09,高级,17.17,530.0,30.87,6,周末
2025-03-10,中级,12.75,3930.0,308.24,4,工作日
2025-03-10,初级,5.25,10148.0,1932.95,4,工作日
2025-03-10,高级,10.33,646.0,62.54,3,工作日
2025-03-11,中级,11.75,3918.0,333.45,4,工作日
2025-03-11,初级,7.5,16710.0,2228.0,4,工作日
2025-03-11,高级,11.75,668.0,56.85,4,工作日
2025-03-12,中级,4.0,0.0,0.0,1,工作日
2025-03-12,初级,11.0,9710.0,882.73,2,工作日
2025-03-12,高级,18.6,0.0,0.0,5,工作日
2025-03-13,中级,11.5,590.0,51.3,4,工作日
2025-03-13,初级,10.0,14920.0,1492.0,3,工作日
2025-03-13,高级,7.2,0.0,0.0,5,工作日
2025-03-14,中级,13.0,0.0,0.0,3,工作日
2025-03-14,初级,10.0,9310.0,931.0,2,工作日
2025-03-14,高级,11.67,80.0,6.86,3,工作日
2025-03-15,中级,12.0,0.0,0.0,4,周末
2025-03-15,初级,6.5,5960.0,916.92,2,周末
2025-03-15,高级,23.0,348.0,15.13,4,周末
2025-03-16,中级,21.33,0.0,0.0,3,周末
2025-03-16,初级,5.5,5860.0,1065.45,2,周末
2025-03-16,高级,20.5,198.0,9.66,4,周末
2025-03-17,中级,21.0,0.0,0.0,2,工作日
2025-03-17,初级,11.5,12530.0,1089.57,2,工作日
2025-03-17,高级,15.67,0.0,0.0,3,工作日
2025-03-18,中级,23.5,260.0,11.06,2,工作日
2025-03-18,初级,9.25,16554.0,1789.62,4,工作日
2025-03-18,高级,13.67,0.0,0.0,3,工作日
2025-03-19,中级,15.0,198.0,13.2,3,工作日
2025-03-19,初级,6.5,14810.0,2278.46,4,工作日
2025-03-19,高级,10.67,0.0,0.0,3,工作日
2025-03-20,中级,17.33,740.0,42.7,3,工作日
2025-03-20,初级,6.25,12600.0,2016.0,4,工作日
2025-03-20,高级,18.5,0.0,0.0,2,工作日
2025-03-21,中级,10.75,2260.0,210.23,4,工作日
2025-03-21,初级,11.0,11930.0,1084.55,2,工作日
2025-03-21,高级,12.67,0.0,0.0,3,工作日
2025-03-22,中级,23.0,0.0,0.0,3,周末
2025-03-22,初级,11.0,5720.0,520.0,1,周末
2025-03-22,高级,21.25,198.0,9.32,4,周末
2025-03-23,中级,21.0,1120.0,53.33,2,周末
2025-03-23,初级,4.5,4958.0,1101.78,2,周末
2025-03-23,高级,19.0,0.0,0.0,4,周末
2025-03-24,中级,15.67,150.0,9.57,3,工作日
2025-03-24,初级,10.0,9880.0,988.0,2,工作日
2025-03-24,高级,11.0,756.0,68.73,3,工作日
2025-03-25,中级,23.5,150.0,6.38,2,工作日
2025-03-25,初级,10.0,14810.0,1481.0,3,工作日
2025-03-25,高级,13.5,1058.0,78.37,4,工作日
2025-03-26,中级,12.5,1560.0,124.8,4,工作日
2025-03-26,初级,5.6,14328.0,2558.57,5,工作日
2025-03-26,高级,9.25,0.0,0.0,4,工作日
2025-03-27,中级,18.0,0.0,0.0,2,工作日
2025-03-27,初级,7.5,15098.0,2013.07,4,工作日
2025-03-27,高级,12.25,0.0,0.0,4,工作日
2025-03-28,中级,13.33,300.0,22.51,3,工作日
2025-03-28,初级,8.5,14368.0,1690.35,4,工作日
2025-03-28,高级,9.67,0.0,0.0,3,工作日
2025-03-29,中级,27.33,1140.0,41.71,3,周末
2025-03-29,高级,16.5,150.0,9.09,4,周末
2025-03-30,中级,16.33,198.0,12.12,3,周末
2025-03-30,初级,10.0,7860.0,786.0,2,周末
2025-03-30,高级,15.4,0.0,0.0,5,周末
2025-03-31,中级,15.67,1297.0,82.77,3,工作日
2025-03-31,初级,7.4,18930.0,2558.11,5,工作日
2025-03-31,高级,16.0,0.0,0.0,2,工作日
2025-04-01,中级,9.75,1120.0,114.87,4,工作日
2025-04-01,初级,9.33,10840.0,1161.84,3,工作日
2025-04-01,高级,12.8,596.0,46.56,5,工作日
2025-04-02,中级,10.83,3140.0,289.94,6,工作日
2025-04-02,初级,7.33,11210.0,1529.33,3,工作日
2025-04-02,高级,15.5,944.0,60.9,2,工作日
2025-04-03,中级,14.67,590.0,40.22,3,工作日
2025-04-03,初级,8.75,16098.0,1839.77,4,工作日
2025-04-03,高级,12.67,0.0,0.0,3,工作日
2025-04-04,中级,19.33,0.0,0.0,3,工作日
2025-04-04,初级,7.0,16170.0,2310.0,4,工作日
2025-04-04,高级,11.6,0.0,0.0,5,工作日
2025-04-05,中级,20.0,150.0,7.5,3,周末
2025-04-05,高级,15.0,0.0,0.0,4,周末
2025-04-06,中级,19.0,260.0,13.68,2,周末
2025-04-06,初级,7.0,5520.0,788.57,2,周末
2025-04-06,高级,18.83,0.0,0.0,6,周末
2025-04-07,中级,16.67,0.0,0.0,3,工作日
2025-04-07,初级,6.6,15518.0,2351.21,5,工作日
2025-04-07,高级,12.0,0.0,0.0,3,工作日
2025-04-08,中级,15.5,0.0,0.0,2,工作日
2025-04-08,初级,9.33,12070.0,1293.68,3,工作日
2025-04-08,高级,14.67,0.0,0.0,3,工作日
2025-04-09,中级,15.33,1136.0,74.1,3,工作日
2025-04-09,初级,7.4,18330.0,2477.03,5,工作日
2025-04-09,高级,20.5,0.0,0.0,2,工作日
2025-04-10,中级,16.67,590.0,35.39,3,工作日
2025-04-10,初级,6.0,6400.0,1066.67,2,工作日
2025-04-10,高级,10.25,0.0,0.0,4,工作日
2025-04-11,中级,14.33,0.0,0.0,3,工作日
2025-04-11,初级,7.33,10250.0,1398.36,3,工作日
2025-04-11,高级,10.5,0.0,0.0,2,工作日
2025-04-12,中级,15.33,590.0,38.49,3,周末
2025-04-12,高级,8.2,80.0,9.76,5,周末
2025-04-13,中级,14.33,0.0,0.0,3,周末
2025-04-13,初级,9.0,4770.0,530.0,1,周末
2025-04-13,高级,16.2,0.0,0.0,5,周末
2025-04-14,中级,18.5,590.0,31.89,2,工作日
2025-04-14,初级,1.0,260.0,260.0,1,工作日
2025-04-14,高级,7.8,0.0,0.0,5,工作日
2025-04-15,中级,19.33,590.0,30.52,3,工作日
2025-04-15,初级,10.0,7680.0,768.0,2,工作日
2025-04-15,高级,12.67,0.0,0.0,3,工作日
2025-04-16,中级,13.67,978.0,71.54,3,工作日
2025-04-16,初级,8.33,11980.0,1438.18,3,工作日
2025-04-16,高级,12.5,430.0,34.4,4,工作日
2025-04-17,中级,19.67,1960.0,99.64,3,工作日
2025-04-17,初级,5.0,13960.0,2792.0,5,工作日
2025-04-17,高级,21.0,0.0,0.0,2,工作日
2025-04-18,中级,21.0,0.0,0.0,2,工作日
2025-04-18,初级,7.0,13108.0,1872.57,4,工作日
2025-04-18,高级,18.0,0.0,0.0,3,工作日
2025-04-19,中级,12.75,938.0,73.57,4,周末
2025-04-19,初级,10.0,6070.0,607.0,1,周末
2025-04-19,高级,17.8,0.0,0.0,5,周末
2025-04-20,中级,28.0,0.0,0.0,2,周末
2025-04-20,初级,7.67,11310.0,1474.58,3,周末
2025-04-20,高级,15.0,0.0,0.0,7,周末
2025-04-21,中级,9.6,150.0,15.62,5,工作日
2025-04-21,初级,4.75,10220.0,2151.58,4,工作日
2025-04-21,高级,15.5,0.0,0.0,2,工作日
2025-04-22,中级,19.67,0.0,0.0,3,工作日
2025-04-22,初级,9.67,16830.0,1740.43,3,工作日
2025-04-22,高级,21.5,0.0,0.0,2,工作日
2025-04-23,中级,11.75,2175.0,185.11,4,工作日
2025-04-23,初级,6.0,9560.0,1593.33,3,工作日
2025-04-23,高级,9.75,0.0,0.0,4,工作日
2025-04-24,中级,17.0,190.0,11.18,3,工作日
2025-04-24,初级,5.5,13540.0,2461.82,4,工作日
2025-04-24,高级,14.33,0.0,0.0,3,工作日
2025-04-25,中级,15.33,590.0,38.49,3,工作日
2025-04-25,初级,4.0,3410.0,852.5,2,工作日
2025-04-25,高级,12.67,0.0,0.0,3,工作日
2025-04-26,中级,27.0,0.0,0.0,2,周末
2025-04-26,初级,10.0,4410.0,441.0,1,周末
2025-04-26,高级,13.8,590.0,42.75,5,周末
2025-04-27,中级,14.0,590.0,42.14,2,周末
2025-04-27,初级,9.5,9910.0,1043.16,2,周末
2025-04-27,高级,12.4,0.0,0.0,5,周末
2025-04-28,中级,14.0,780.0,55.71,4,工作日
2025-04-28,初级,8.33,11530.0,1384.15,3,工作日
2025-04-28,高级,21.0,0.0,0.0,2,工作日
2025-04-29,中级,18.0,0.0,0.0,4,工作日
2025-04-29,初级,11.0,10670.0,970.0,2,工作日
2025-04-29,高级,10.0,0.0,0.0,4,工作日
2025-04-30,中级,15.0,0.0,0.0,3,工作日
2025-04-30,初级,5.0,8170.0,1634.0,3,工作日
2025-04-30,高级,13.0,0.0,0.0,2,工作日
2025-05-01,中级,21.75,0.0,0.0,4,工作日
2025-05-01,初级,5.0,10690.0,2138.0,4,工作日
2025-05-01,高级,18.0,0.0,0.0,3,工作日
2025-05-02,中级,13.0,1120.0,86.15,3,工作日
2025-05-02,初级,8.33,14540.0,1745.5,3,工作日
2025-05-02,高级,21.25,150.0,7.06,4,工作日
2025-05-03,中级,20.33,590.0,29.02,3,周末
2025-05-03,高级,13.75,0.0,0.0,4,周末
2025-05-04,中级,26.5,0.0,0.0,2,周末
2025-05-04,高级,21.75,0.0,0.0,4,周末
2025-05-05,中级,10.75,140.0,13.02,4,工作日
2025-05-05,初级,8.0,16140.0,2017.5,4,工作日
2025-05-05,高级,14.0,348.0,24.86,4,工作日
2025-05-06,中级,17.0,0.0,0.0,3,工作日
2025-05-06,初级,8.33,12788.0,1535.17,3,工作日
2025-05-06,高级,7.4,700.0,94.59,5,工作日
2025-05-07,中级,18.33,1300.0,70.92,3,工作日
2025-05-07,初级,6.0,9750.0,1625.0,3,工作日
2025-05-07,高级,19.0,0.0,0.0,2,工作日
2025-05-08,中级,12.5,2488.0,199.04,4,工作日
2025-05-08,初级,8.0,6176.0,772.0,2,工作日
2025-05-08,高级,11.33,0.0,0.0,3,工作日
2025-05-09,中级,13.67,0.0,0.0,3,工作日
2025-05-09,初级,5.25,11010.0,2097.14,4,工作日
2025-05-09,高级,6.0,0.0,0.0,4,工作日
2025-05-10,中级,15.75,0.0,0.0,4,周末
2025-05-10,初级,10.0,5790.0,579.0,1,周末
2025-05-10,高级,16.2,590.0,36.42,5,周末
2025-05-11,中级,12.33,0.0,0.0,3,周末
2025-05-11,初级,8.5,7200.0,847.06,2,周末
2025-05-11,高级,20.8,0.0,0.0,5,周末
2025-05-12,中级,9.2,260.0,28.26,5,工作日
2025-05-12,初级,6.0,11940.0,1990.0,4,工作日
2025-05-12,高级,11.0,0.0,0.0,2,工作日
2025-05-13,中级,21.33,0.0,0.0,3,工作日
2025-05-13,初级,9.5,18670.0,1965.26,4,工作日
2025-05-13,高级,20.33,0.0,0.0,3,工作日
2025-05-14,中级,14.67,590.0,40.22,3,工作日
2025-05-14,初级,7.0,14538.0,2076.86,4,工作日
2025-05-14,高级,14.0,430.0,30.71,3,工作日
2025-05-15,中级,13.6,1070.0,78.68,5,工作日
2025-05-15,初级,11.0,15310.0,1391.82,3,工作日
2025-05-15,高级,12.0,0.0,0.0,3,工作日
2025-05-16,中级,11.0,0.0,0.0,4,工作日
2025-05-16,初级,6.25,14850.0,2376.0,4,工作日
2025-05-16,高级,9.0,0.0,0.0,3,工作日
2025-05-17,中级,19.0,0.0,0.0,3,周末
2025-05-17,初级,11.67,19220.0,1646.96,3,周末
2025-05-17,高级,27.0,0.0,0.0,3,周末
2025-05-18,中级,17.0,920.0,54.12,3,周末
2025-05-18,高级,17.8,0.0,0.0,5,周末
2025-05-19,中级,15.0,1404.0,93.6,4,工作日
2025-05-19,初级,7.0,2630.0,375.71,1,工作日
2025-05-19,高级,9.67,0.0,0.0,3,工作日
2025-05-20,中级,11.6,530.0,45.69,5,工作日
2025-05-20,初级,8.33,16080.0,1930.37,3,工作日
2025-05-20,高级,6.8,0.0,0.0,5,工作日
2025-05-21,中级,18.0,530.0,29.44,3,工作日
2025-05-21,初级,6.8,14360.0,2111.76,5,工作日
2025-05-21,高级,12.33,0.0,0.0,3,工作日
2025-05-22,中级,17.67,150.0,8.49,3,工作日
2025-05-22,初级,7.75,17020.0,2196.13,4,工作日
2025-05-22,高级,11.0,190.0,17.27,3,工作日
2025-05-23,中级,19.0,190.0,10.0,3,工作日
2025-05-23,初级,7.4,23120.0,3124.32,5,工作日
2025-05-23,高级,12.0,0.0,0.0,3,工作日
2025-05-24,中级,16.25,290.0,17.85,4,周末
2025-05-24,初级,7.33,14318.0,1953.34,3,周末
2025-05-24,高级,24.67,0.0,0.0,3,周末
2025-05-25,中级,10.6,1318.0,124.34,5,周末
2025-05-25,初级,13.5,13278.0,983.56,2,周末
2025-05-25,高级,18.6,0.0,0.0,5,周末
2025-05-26,中级,18.67,1590.0,85.16,3,工作日
2025-05-26,初级,9.0,15132.0,1681.33,3,工作日
2025-05-26,高级,11.0,0.0,0.0,4,工作日
2025-05-27,中级,11.0,0.0,0.0,4,工作日
2025-05-27,初级,7.67,11090.0,1445.89,3,工作日
2025-05-27,高级,9.33,0.0,0.0,3,工作日
2025-05-28,中级,15.0,1437.0,95.8,4,工作日
2025-05-28,初级,9.0,13380.0,1486.67,3,工作日
2025-05-28,高级,13.0,0.0,0.0,3,工作日
2025-05-29,中级,18.5,740.0,40.0,2,工作日
2025-05-29,初级,8.75,21570.0,2465.14,4,工作日
2025-05-29,高级,19.0,0.0,0.0,3,工作日
2025-05-30,中级,16.0,1378.0,86.12,4,工作日
2025-05-30,初级,10.0,18151.0,1815.1,3,工作日
2025-05-30,高级,14.0,0.0,0.0,3,工作日
2025-05-31,中级,19.67,150.0,7.63,3,周末
2025-05-31,初级,12.0,6650.0,554.17,1,周末
2025-05-31,高级,17.67,590.0,33.39,3,周末
2025-06-01,中级,13.0,0.0,0.0,3,周末
2025-06-01,初级,9.0,12820.0,1424.44,3,周末
2025-06-01,高级,13.4,0.0,0.0,5,周末
2025-06-02,中级,12.67,970.0,76.56,3,工作日
2025-06-02,初级,6.67,8540.0,1280.36,3,工作日
2025-06-02,高级,13.75,0.0,0.0,4,工作日
2025-06-03,中级,12.0,0.0,0.0,3,工作日
2025-06-03,初级,6.67,11360.0,1703.15,3,工作日
2025-06-03,高级,7.25,0.0,0.0,4,工作日
2025-06-04,中级,16.0,1470.0,91.88,4,工作日
2025-06-04,初级,7.0,9790.0,1398.57,3,工作日
2025-06-04,高级,19.0,0.0,0.0,2,工作日
2025-06-05,中级,17.33,1120.0,64.63,3,工作日
2025-06-05,初级,7.5,14328.0,1910.4,4,工作日
2025-06-05,高级,11.33,0.0,0.0,3,工作日
2025-06-06,中级,14.33,876.0,61.13,3,工作日
2025-06-06,初级,7.33,13228.0,1804.64,3,工作日
2025-06-06,高级,10.0,0.0,0.0,3,工作日
2025-06-07,中级,18.33,0.0,0.0,3,周末
2025-06-07,初级,11.0,12220.0,1110.91,2,周末
2025-06-07,高级,16.0,0.0,0.0,4,周末
2025-06-08,中级,20.25,0.0,0.0,4,周末
2025-06-08,初级,10.0,9780.0,978.0,2,周末
2025-06-08,高级,12.6,0.0,0.0,5,周末
2025-06-09,中级,17.5,1168.0,66.74,2,工作日
2025-06-09,初级,8.0,20068.0,2508.5,5,工作日
2025-06-09,高级,10.8,590.0,54.63,5,工作日
2025-06-10,中级,13.0,740.0,56.92,4,工作日
2025-06-10,初级,8.67,14150.0,1632.06,3,工作日
2025-06-10,高级,8.25,0.0,0.0,4,工作日
2025-06-11,中级,16.67,150.0,9.0,3,工作日
2025-06-11,初级,9.0,4290.0,476.67,1,工作日
2025-06-11,高级,10.0,0.0,0.0,3,工作日
2025-06-12,中级,13.8,3904.0,282.9,5,工作日
2025-06-12,初级,7.0,14910.0,2130.0,4,工作日
2025-06-12,高级,14.0,0.0,0.0,2,工作日
2025-06-13,中级,13.5,0.0,0.0,4,工作日
2025-06-13,初级,7.8,22394.0,2871.03,5,工作日
2025-06-13,高级,13.5,0.0,0.0,2,工作日
2025-06-14,中级,14.25,530.0,37.19,4,周末
2025-06-14,初级,11.5,13630.0,1185.22,2,周末
2025-06-14,高级,19.33,0.0,0.0,3,周末
2025-06-15,中级,16.25,0.0,0.0,4,周末
2025-06-15,初级,6.75,13650.0,2022.22,4,周末
2025-06-15,高级,11.2,0.0,0.0,5,周末
2025-06-16,中级,16.0,590.0,36.88,2,工作日
2025-06-16,初级,9.0,18040.0,2004.44,4,工作日
2025-06-16,高级,13.5,0.0,0.0,4,工作日
2025-06-17,中级,14.75,1020.0,69.15,4,工作日
2025-06-17,初级,7.6,20130.0,2648.68,5,工作日
2025-06-17,高级,13.67,0.0,0.0,3,工作日
2025-06-18,中级,17.33,678.0,39.12,3,工作日
2025-06-18,初级,10.33,15490.0,1499.52,3,工作日
2025-06-18,高级,12.33,0.0,0.0,3,工作日
2025-06-19,中级,14.25,850.0,59.65,4,工作日
2025-06-19,初级,6.0,14350.0,2391.67,4,工作日
2025-06-19,高级,19.0,0.0,0.0,2,工作日
2025-06-20,中级,13.0,1180.0,90.77,4,工作日
2025-06-20,初级,7.5,16420.0,2189.33,4,工作日
2025-06-20,高级,7.33,0.0,0.0,6,工作日
2025-06-21,中级,20.5,0.0,0.0,2,周末
2025-06-21,初级,9.0,5670.0,630.0,1,周末
2025-06-21,高级,19.0,0.0,0.0,5,周末
2025-06-22,中级,13.0,0.0,0.0,5,周末
2025-06-22,初级,14.5,15818.0,1090.9,2,周末
2025-06-22,高级,15.2,198.0,13.03,5,周末
2025-06-23,中级,9.67,590.0,61.01,3,工作日
2025-06-23,初级,6.6,17908.0,2713.33,5,工作日
2025-06-23,高级,10.5,0.0,0.0,4,工作日
2025-06-24,中级,13.5,0.0,0.0,2,工作日
2025-06-24,初级,5.6,15378.0,2746.07,5,工作日
2025-06-24,高级,9.4,590.0,62.77,5,工作日
2025-06-25,中级,11.0,0.0,0.0,4,工作日
2025-06-25,初级,8.0,12500.0,1562.5,4,工作日
2025-06-25,高级,9.33,0.0,0.0,3,工作日
2025-06-26,中级,21.5,0.0,0.0,2,工作日
2025-06-26,初级,11.75,23254.0,1979.06,4,工作日
2025-06-26,高级,20.67,0.0,0.0,3,工作日
2025-06-27,中级,11.6,2060.0,177.59,5,工作日
2025-06-27,初级,9.0,11070.0,1230.0,2,工作日
2025-06-27,高级,21.0,0.0,0.0,2,工作日
2025-06-28,中级,23.67,740.0,31.26,3,周末
2025-06-28,初级,9.0,4750.0,527.78,1,周末
2025-06-28,高级,17.75,1180.0,66.48,4,周末
2025-06-29,中级,17.25,150.0,8.7,4,周末
2025-06-29,初级,12.33,18660.0,1513.38,3,周末
2025-06-29,高级,22.67,260.0,11.47,3,周末
2025-06-30,中级,19.0,2120.0,111.58,4,工作日
2025-06-30,初级,12.0,6430.0,535.83,1,工作日
2025-06-30,高级,14.0,0.0,0.0,2,工作日
2025-07-01,中级,15.0,1370.0,91.33,3,工作日
2025-07-01,初级,9.5,8990.0,946.32,2,工作日
2025-07-01,高级,10.33,0.0,0.0,3,工作日
2025-07-02,中级,13.0,980.0,75.38,5,工作日
2025-07-02,初级,6.67,9880.0,1481.26,3,工作日
2025-07-02,高级,13.5,0.0,0.0,2,工作日
2025-07-03,中级,12.5,0.0,0.0,4,工作日
2025-07-03,初级,9.33,14660.0,1571.28,3,工作日
2025-07-03,高级,17.0,0.0,0.0,2,工作日
2025-07-04,中级,11.75,0.0,0.0,4,工作日
2025-07-04,初级,7.67,6980.0,910.04,3,工作日
2025-07-04,高级,11.5,0.0,0.0,2,工作日
2025-07-05,中级,28.0,0.0,0.0,2,周末
2025-07-05,初级,12.0,10330.0,860.83,2,周末
2025-07-05,高级,19.25,0.0,0.0,4,周末
2025-07-06,中级,15.33,590.0,38.49,3,周末
2025-07-06,初级,9.25,13000.0,1405.41,4,周末
2025-07-06,高级,18.4,530.0,28.8,5,周末
2025-07-07,中级,14.75,3070.0,208.14,4,工作日
2025-07-07,初级,9.67,7338.0,758.84,3,工作日
2025-07-07,高级,13.75,1710.0,124.36,4,工作日
2025-07-08,中级,9.6,1190.0,123.96,5,工作日
2025-07-08,初级,7.0,3840.0,548.57,3,工作日
2025-07-08,高级,10.5,0.0,0.0,2,工作日
2025-07-09,中级,12.25,0.0,0.0,4,工作日
2025-07-09,初级,9.67,7068.0,730.92,3,工作日
2025-07-09,高级,18.5,0.0,0.0,2,工作日
2025-07-10,中级,14.67,0.0,0.0,3,工作日
2025-07-10,初级,9.0,5740.0,637.78,4,工作日
2025-07-10,高级,15.0,150.0,10.0,2,工作日
2025-07-11,中级,13.0,198.0,15.23,3,工作日
2025-07-11,初级,8.0,8230.0,1028.75,3,工作日
2025-07-11,高级,11.5,0.0,0.0,2,工作日
2025-07-12,中级,22.67,0.0,0.0,3,周末
2025-07-12,初级,14.0,2320.0,165.71,1,周末
2025-07-12,高级,24.0,0.0,0.0,2,周末
2025-07-13,中级,17.33,1120.0,64.63,3,周末
2025-07-13,初级,21.0,12292.0,585.33,1,周末
2025-07-13,高级,25.0,0.0,0.0,4,周末
2025-07-14,中级,17.67,970.0,54.9,3,工作日
2025-07-14,初级,9.25,7490.0,809.73,4,工作日
2025-07-14,高级,16.5,0.0,0.0,2,工作日
2025-07-15,中级,15.75,2207.0,140.13,4,工作日
2025-07-15,初级,8.0,16338.0,2042.25,4,工作日
2025-07-15,高级,8.0,0.0,0.0,3,工作日
2025-07-16,中级,17.0,198.0,11.65,4,工作日
2025-07-16,初级,6.25,7510.0,1201.6,4,工作日
2025-07-16,高级,6.0,0.0,0.0,3,工作日
2025-07-17,中级,10.0,0.0,0.0,3,工作日
2025-07-17,初级,7.6,15350.0,2019.74,5,工作日
2025-07-17,高级,14.5,0.0,0.0,2,工作日
2025-07-18,中级,13.33,260.0,19.5,3,工作日
2025-07-18,初级,6.75,6734.0,997.63,4,工作日
2025-07-18,高级,12.5,0.0,0.0,2,工作日
2025-07-19,中级,22.5,348.0,15.47,2,周末
2025-07-19,初级,10.5,9370.0,892.38,2,周末
2025-07-19,高级,21.0,0.0,0.0,4,周末
2025-07-20,中级,17.2,190.0,11.05,5,周末
2025-07-20,初级,11.0,11830.0,1075.45,3,周末
2025-07-20,高级,11.0,0.0,0.0,3,周末
2025-07-21,中级,12.5,1825.0,146.0,4,工作日
2025-07-21,初级,9.0,520.0,57.78,1,工作日
2025-07-21,高级,10.5,0.0,0.0,2,工作日
2025-07-22,中级,18.0,0.0,0.0,2,工作日
2025-07-22,初级,6.0,2900.0,483.33,2,工作日
2025-07-22,高级,9.0,0.0,0.0,3,工作日
2025-07-23,中级,11.0,0.0,0.0,3,工作日
2025-07-23,初级,10.0,8610.0,861.0,3,工作日
2025-07-23,高级,10.5,0.0,0.0,2,工作日
2025-07-24,中级,11.67,260.0,22.28,3,工作日
2025-07-24,初级,9.67,7050.0,729.06,3,工作日
2025-07-24,高级,6.0,0.0,0.0,4,工作日
2025-07-25,中级,13.0,0.0,0.0,2,工作日
2025-07-25,初级,8.0,10300.0,1287.5,4,工作日
2025-07-25,高级,10.5,0.0,0.0,2,工作日
2025-07-26,中级,15.5,340.0,21.94,2,周末
2025-07-26,初级,8.0,4110.0,513.75,3,周末
2025-07-26,高级,9.8,348.0,35.51,5,周末
2025-07-27,中级,17.0,1170.0,68.82,3,周末
2025-07-27,初级,11.5,10900.0,947.83,2,周末
2025-07-27,高级,13.33,0.0,0.0,6,周末
2025-07-28,中级,18.0,0.0,0.0,1,工作日
2025-07-28,初级,9.2,11880.0,1291.3,5,工作日
2025-07-28,高级,13.4,450.0,33.58,5,工作日
2025-07-29,中级,7.33,0.0,0.0,3,工作日
2025-07-29,初级,8.25,9807.0,1188.73,4,工作日
2025-07-29,高级,7.5,0.0,0.0,4,工作日
2025-07-30,中级,14.33,590.0,41.17,3,工作日
2025-07-30,初级,6.67,5290.0,793.1,3,工作日
2025-07-30,高级,13.5,198.0,14.67,2,工作日
2025-07-31,中级,20.5,0.0,0.0,2,工作日
2025-07-31,初级,10.0,11240.0,1124.0,3,工作日
2025-07-31,高级,14.0,150.0,10.71,3,工作日
2025-08-01,中级,11.75,0.0,0.0,4,工作日
2025-08-01,初级,8.25,8460.0,1025.45,4,工作日
2025-08-01,高级,7.67,0.0,0.0,3,工作日
2025-08-02,中级,17.0,0.0,0.0,3,周末
2025-08-02,初级,18.0,17980.0,998.89,2,周末
2025-08-02,高级,14.0,0.0,0.0,5,周末
2025-08-03,中级,25.5,1210.0,47.45,2,周末
2025-08-03,初级,13.33,10170.0,762.94,3,周末
2025-08-03,高级,13.2,0.0,0.0,5,周末
2025-08-04,中级,11.67,0.0,0.0,3,工作日
2025-08-04,初级,8.0,5430.0,678.75,2,工作日
2025-08-04,高级,15.0,198.0,13.2,4,工作日
2025-08-05,中级,12.25,630.0,51.43,4,工作日
2025-08-05,初级,13.0,590.0,45.38,1,工作日
2025-08-05,预备,1.0,0.0,0.0,1,工作日
2025-08-05,高级,11.25,0.0,0.0,4,工作日
2025-08-06,中级,29.5,0.0,0.0,2,工作日
2025-08-06,高级,14.33,450.0,31.4,3,工作日
2025-08-07,中级,22.5,348.0,15.47,2,工作日
2025-08-07,初级,9.33,7284.0,780.71,3,工作日
2025-08-07,高级,14.67,0.0,0.0,3,工作日
2025-08-08,中级,9.0,0.0,0.0,4,工作日
2025-08-08,初级,7.67,6878.0,896.74,3,工作日
2025-08-08,高级,9.75,0.0,0.0,4,工作日
2025-08-09,中级,17.25,628.0,36.41,4,周末
2025-08-09,初级,6.5,6180.0,950.77,2,周末
2025-08-09,高级,15.5,0.0,0.0,4,周末
2025-08-10,中级,19.5,0.0,0.0,2,周末
2025-08-10,初级,15.0,8720.0,581.33,3,周末
2025-08-10,高级,22.75,0.0,0.0,4,周末
2025-08-11,中级,10.33,2228.0,215.68,3,工作日
2025-08-11,初级,8.2,8228.0,1003.41,5,工作日
2025-08-11,高级,11.25,0.0,0.0,4,工作日
2025-08-12,中级,20.0,0.0,0.0,3,工作日
2025-08-12,初级,4.0,0.0,0.0,1,工作日
2025-08-12,高级,8.0,0.0,0.0,4,工作日
2025-08-13,中级,11.0,1060.0,96.36,4,工作日
2025-08-13,初级,10.0,1520.0,152.0,1,工作日
2025-08-13,高级,7.25,0.0,0.0,4,工作日
2025-08-14,中级,13.67,590.0,43.16,3,工作日
2025-08-14,初级,9.5,12940.0,1362.11,6,工作日
2025-08-14,高级,11.33,0.0,0.0,3,工作日
2025-08-15,中级,9.6,1840.0,191.67,5,工作日
2025-08-15,初级,7.8,7380.0,946.15,5,工作日
2025-08-15,高级,9.0,0.0,0.0,2,工作日
2025-08-16,中级,12.0,1180.0,98.33,3,周末
2025-08-16,初级,9.25,11480.0,1241.08,4,周末
2025-08-16,高级,14.5,0.0,0.0,4,周末
2025-08-17,中级,16.4,1580.0,96.34,5,周末
2025-08-17,初级,8.0,790.0,98.75,2,周末
2025-08-17,高级,7.0,0.0,0.0,3,周末
2025-08-18,中级,17.67,590.0,33.39,3,工作日
2025-08-18,初级,9.25,7814.0,844.76,4,工作日
2025-08-18,高级,9.0,0.0,0.0,3,工作日
2025-08-19,中级,16.5,0.0,0.0,2,工作日
2025-08-19,初级,7.33,9928.0,1354.43,6,工作日
2025-08-19,高级,6.25,0.0,0.0,4,工作日
2025-08-20,中级,15.0,150.0,10.0,4,工作日
2025-08-20,高级,13.5,0.0,0.0,2,工作日
2025-08-21,中级,14.67,348.0,23.72,3,工作日
2025-08-21,预备,1.0,340.0,340.0,1,工作日
2025-08-21,高级,11.5,0.0,0.0,2,工作日
2025-08-22,中级,11.67,0.0,0.0,3,工作日
2025-08-22,初级,5.5,1800.0,327.27,4,工作日
2025-08-22,高级,6.67,0.0,0.0,3,工作日
2025-08-23,中级,20.67,590.0,28.54,3,周末
2025-08-23,初级,14.5,9122.0,629.1,2,周末
2025-08-23,高级,17.0,1180.0,69.41,4,周末
2025-08-24,中级,21.0,0.0,0.0,2,周末
2025-08-24,初级,10.25,12506.0,1220.1,4,周末
2025-08-24,高级,16.5,230.0,13.94,4,周末
2025-08-25,中级,13.5,0.0,0.0,2,工作日
2025-08-25,初级,15.0,1860.0,124.0,1,工作日
2025-08-25,高级,13.75,0.0,0.0,4,工作日
2025-08-26,中级,20.33,596.0,29.32,3,工作日
2025-08-26,初级,6.5,4210.0,647.69,2,工作日
2025-08-26,预备,1.0,260.0,260.0,1,工作日
2025-08-26,高级,11.33,470.0,41.48,3,工作日
2025-08-27,中级,11.75,0.0,0.0,4,工作日
2025-08-27,初级,5.5,6160.0,1120.0,2,工作日
2025-08-27,高级,9.33,0.0,0.0,3,工作日
2025-08-28,中级,11.0,2157.0,196.09,5,工作日
2025-08-28,初级,11.5,10268.0,892.87,2,工作日
2025-08-28,预备,1.0,260.0,260.0,1,工作日
2025-08-28,高级,11.33,1142.0,100.79,3,工作日
2025-08-29,中级,11.5,380.0,33.04,4,工作日
2025-08-29,初级,8.0,11660.0,1457.5,3,工作日
2025-08-29,预备,2.0,680.0,340.0,1,工作日
2025-08-29,高级,7.5,0.0,0.0,4,工作日
2025-08-30,中级,17.67,0.0,0.0,3,周末
2025-08-30,初级,11.67,13710.0,1174.81,3,周末
2025-08-30,高级,22.75,0.0,0.0,4,周末
2025-08-31,中级,20.0,0.0,0.0,3,周末
2025-08-31,初级,13.5,1390.0,102.96,2,周末
2025-08-31,高级,14.4,0.0,0.0,5,周末
2025-09-01,中级,18.5,0.0,0.0,2,工作日
2025-09-01,初级,9.5,14434.0,1519.37,4,工作日
2025-09-01,预备,3.0,900.0,300.0,1,工作日
2025-09-01,高级,23.0,0.0,0.0,3,工作日
2025-09-02,中级,12.25,100.0,8.16,4,工作日
2025-09-02,初级,11.0,1580.0,143.64,2,工作日
2025-09-02,预备,1.0,380.0,380.0,1,工作日
2025-09-02,高级,13.5,0.0,0.0,2,工作日
2025-09-03,中级,11.67,488.0,41.82,3,工作日
2025-09-03,初级,5.4,8190.0,1516.67,5,工作日
2025-09-03,预备,2.0,640.0,320.0,1,工作日
2025-09-03,高级,10.5,0.0,0.0,2,工作日
2025-09-04,中级,13.67,190.0,13.9,3,工作日
2025-09-04,初级,11.5,12630.0,1098.26,4,工作日
2025-09-04,高级,15.0,0.0,0.0,3,工作日
2025-09-05,中级,14.33,1297.0,90.51,3,工作日
2025-09-05,初级,14.0,1880.0,134.29,1,工作日
2025-09-05,预备,2.0,640.0,320.0,1,工作日
2025-09-05,高级,13.75,0.0,0.0,4,工作日
2025-09-06,中级,22.5,470.0,20.89,2,周末
2025-09-06,初级,11.0,4980.0,452.73,2,周末
2025-09-06,高级,14.0,0.0,0.0,6,周末
2025-09-07,中级,16.33,400.0,24.49,3,周末
2025-09-07,初级,8.67,6480.0,747.4,3,周末
2025-09-07,高级,21.0,0.0,0.0,4,周末
2025-09-08,中级,12.0,530.0,44.17,2,工作日
2025-09-08,初级,12.0,6150.0,512.5,3,工作日
2025-09-08,高级,19.67,740.0,37.62,3,工作日
2025-09-09,中级,11.0,150.0,13.64,4,工作日
2025-09-09,初级,9.33,5110.0,547.7,3,工作日
2025-09-09,高级,11.33,0.0,0.0,3,工作日
2025-09-10,中级,9.2,1637.0,177.93,5,工作日
2025-09-10,初级,7.5,2630.0,350.67,2,工作日
2025-09-10,预备,1.0,530.0,530.0,1,工作日
2025-09-10,高级,10.33,0.0,0.0,3,工作日
2025-09-11,中级,12.8,2610.0,203.91,5,工作日
2025-09-11,初级,8.0,1570.0,196.25,1,工作日
2025-09-11,高级,11.0,348.0,31.64,3,工作日
2025-09-12,中级,13.67,0.0,0.0,3,工作日
2025-09-12,初级,6.75,8940.0,1324.44,4,工作日
2025-09-12,预备,3.0,980.0,326.67,1,工作日
2025-09-12,高级,9.5,0.0,0.0,2,工作日
2025-09-13,中级,25.0,0.0,0.0,2,周末
2025-09-13,初级,18.0,18920.0,1051.11,3,周末
2025-09-13,高级,28.67,180.0,6.28,3,周末
2025-09-14,中级,22.0,1645.0,74.77,2,周末
2025-09-14,初级,15.5,150.0,9.68,2,周末
2025-09-14,高级,23.0,0.0,0.0,3,周末
2025-09-15,中级,14.0,520.0,37.14,4,工作日
2025-09-15,初级,10.0,590.0,59.0,2,工作日
2025-09-15,预备,1.0,260.0,260.0,1,工作日
2025-09-15,高级,16.5,190.0,11.52,2,工作日
2025-09-16,中级,12.0,4278.0,356.5,5,工作日
2025-09-16,初级,7.67,5910.0,770.53,3,工作日
2025-09-16,预备,1.0,260.0,260.0,1,工作日
2025-09-16,高级,8.0,0.0,0.0,3,工作日
2025-09-17,中级,10.75,590.0,54.88,4,工作日
2025-09-17,初级,7.5,10950.0,1460.0,6,工作日
2025-09-17,预备,3.0,1020.0,340.0,1,工作日
2025-09-17,高级,11.67,0.0,0.0,3,工作日
2025-09-18,中级,22.0,0.0,0.0,2,工作日
2025-09-18,初级,12.33,7690.0,623.68,3,工作日
2025-09-18,预备,2.5,2310.0,924.0,2,工作日
2025-09-18,高级,12.33,0.0,0.0,3,工作日
2025-09-19,中级,12.25,0.0,0.0,4,工作日
2025-09-19,初级,6.75,5230.0,774.81,4,工作日
2025-09-19,预备,6.0,1880.0,313.33,1,工作日
2025-09-19,高级,9.67,0.0,0.0,3,工作日
2025-09-20,中级,23.67,1180.0,49.85,3,周末
2025-09-20,初级,9.0,12600.0,1400.0,3,周末
2025-09-20,预备,1.0,1280.0,1280.0,3,周末
2025-09-20,高级,21.0,0.0,0.0,3,周末
2025-09-21,中级,14.5,0.0,0.0,4,周末
2025-09-21,初级,11.0,2778.0,252.55,3,周末
2025-09-21,高级,23.67,1297.0,54.8,3,周末
2025-09-22,中级,18.0,0.0,0.0,3,工作日
2025-09-22,初级,9.67,6820.0,705.27,3,工作日
2025-09-22,预备,2.0,1420.0,710.0,2,工作日
2025-09-22,高级,11.0,0.0,0.0,2,工作日
2025-09-23,中级,11.75,0.0,0.0,4,工作日
2025-09-23,初级,13.0,6228.0,479.08,2,工作日
2025-09-23,预备,1.67,1548.0,926.95,3,工作日
2025-09-23,高级,12.0,0.0,0.0,3,工作日
2025-09-24,中级,15.25,2110.0,138.36,4,工作日
2025-09-24,初级,12.0,6080.0,506.67,2,工作日
2025-09-24,高级,24.0,0.0,0.0,2,工作日
2025-09-25,中级,18.0,0.0,0.0,3,工作日
2025-09-25,初级,14.5,2108.0,145.38,2,工作日
2025-09-25,预备,2.0,760.0,380.0,1,工作日
2025-09-25,高级,13.33,0.0,0.0,3,工作日
2025-09-26,中级,11.75,850.0,72.34,4,工作日
2025-09-26,初级,10.67,8428.0,789.88,3,工作日
2025-09-26,预备,5.0,1890.0,378.0,1,工作日
2025-09-26,高级,13.33,0.0,0.0,3,工作日
2025-09-27,中级,15.0,0.0,0.0,3,周末
2025-09-27,初级,10.0,6450.0,645.0,4,周末
2025-09-27,高级,16.5,150.0,9.09,4,周末
2025-09-28,中级,12.25,190.0,15.51,4,周末
2025-09-28,初级,8.33,6020.0,722.69,3,周末
2025-09-28,预备,2.67,2850.0,1067.42,3,周末
2025-09-28,高级,17.0,0.0,0.0,4,周末
2025-09-29,中级,13.75,1180.0,85.82,4,工作日
2025-09-29,初级,9.33,10380.0,1112.54,3,工作日
2025-09-29,预备,3.0,1880.0,626.67,2,工作日
2025-09-29,高级,20.5,0.0,0.0,2,工作日
2025-09-30,中级,17.5,0.0,0.0,4,工作日
2025-09-30,初级,9.0,5230.0,581.11,3,工作日
2025-09-30,预备,1.5,780.0,520.0,2,工作日
2025-09-30,高级,8.0,1297.0,162.12,2,工作日
2025-10-01,中级,17.75,0.0,0.0,4,工作日
2025-10-01,初级,7.0,4270.0,610.0,4,工作日
2025-10-01,预备,2.67,3250.0,1217.23,3,工作日
2025-10-01,高级,6.5,0.0,0.0,2,工作日
2025-10-02,中级,23.5,0.0,0.0,2,工作日
2025-10-02,初级,12.0,1850.0,154.17,3,工作日
2025-10-02,预备,4.5,3970.0,882.22,2,工作日
2025-10-02,高级,23.5,0.0,0.0,2,工作日
2025-10-03,中级,14.0,198.0,14.14,4,工作日
2025-10-03,初级,13.33,6930.0,519.88,3,工作日
2025-10-03,预备,1.5,980.0,653.33,2,工作日
2025-10-03,高级,10.75,0.0,0.0,4,工作日
2025-10-04,中级,27.0,278.0,10.3,1,周末
2025-10-04,初级,17.0,2330.0,137.06,1,周末
2025-10-04,高级,16.0,430.0,26.88,4,周末
2025-10-05,中级,21.33,0.0,0.0,3,周末
2025-10-05,初级,10.33,6920.0,669.89,3,周末
2025-10-05,预备,3.5,2320.0,662.86,2,周末
2025-10-05,高级,28.0,0.0,0.0,3,周末
2025-10-06,中级,12.0,0.0,0.0,3,工作日
2025-10-06,初级,10.75,9710.0,903.26,4,工作日
2025-10-06,预备,3.0,1020.0,340.0,1,工作日
2025-10-06,高级,19.5,0.0,0.0,2,工作日
2025-10-07,中级,13.33,0.0,0.0,3,工作日
2025-10-07,初级,14.0,6570.0,469.29,3,工作日
2025-10-07,预备,3.0,2810.0,936.67,3,工作日
2025-10-07,高级,9.0,0.0,0.0,4,工作日
2025-10-08,中级,18.0,260.0,14.44,2,工作日
2025-10-08,初级,5.2,2660.0,511.54,5,工作日
2025-10-08,预备,1.67,1710.0,1023.95,3,工作日
2025-10-08,高级,9.67,0.0,0.0,3,工作日
2025-10-09,中级,13.0,1288.0,99.08,3,工作日
2025-10-09,初级,10.5,10260.0,977.14,4,工作日
2025-10-09,预备,3.67,4068.0,1108.45,3,工作日
2025-10-09,高级,14.0,0.0,0.0,3,工作日
2025-10-10,中级,9.75,688.0,70.56,4,工作日
2025-10-10,初级,11.0,8126.0,738.73,3,工作日
2025-10-10,预备,3.5,3080.0,880.0,2,工作日
2025-10-10,高级,18.0,100.0,5.56,2,工作日
2025-10-11,中级,23.0,0.0,0.0,2,周末
2025-10-11,初级,9.0,0.0,0.0,2,周末
2025-10-11,预备,3.5,3840.0,1097.14,2,周末
2025-10-11,高级,11.17,0.0,0.0,6,周末
2025-10-12,中级,28.5,0.0,0.0,2,周末
2025-10-12,初级,10.67,7078.0,663.36,3,周末
2025-10-12,预备,2.0,740.0,370.0,1,周末
2025-10-12,高级,23.33,0.0,0.0,3,周末
2025-10-13,中级,27.0,590.0,21.85,2,工作日
2025-10-13,初级,20.0,10138.0,506.9,2,工作日
2025-10-13,高级,17.67,0.0,0.0,3,工作日
2025-10-14,中级,13.0,3760.0,289.23,4,工作日
2025-10-14,初级,7.5,1130.0,150.67,2,工作日
2025-10-14,预备,1.0,260.0,260.0,1,工作日
2025-10-14,高级,10.33,396.0,38.33,3,工作日
2025-10-15,中级,22.5,0.0,0.0,2,工作日
2025-10-15,初级,9.0,7500.0,833.33,3,工作日
2025-10-15,高级,21.5,0.0,0.0,2,工作日
2025-10-16,中级,22.0,590.0,26.82,3,工作日
2025-10-16,初级,10.5,10750.0,1023.81,4,工作日
2025-10-16,预备,2.75,5100.0,1854.55,4,工作日
2025-10-16,高级,10.5,0.0,0.0,2,工作日
2025-10-17,中级,16.6,740.0,44.58,5,工作日
2025-10-17,初级,13.0,8254.0,634.92,2,工作日
2025-10-17,预备,1.33,1970.0,1481.2,3,工作日
2025-10-17,高级,7.5,0.0,0.0,2,工作日
2025-10-18,中级,16.67,0.0,0.0,3,周末
2025-10-18,初级,16.0,1180.0,73.75,2,周末
2025-10-18,预备,3.5,3350.0,957.14,2,周末
2025-10-18,高级,20.0,640.0,32.0,3,周末
2025-10-19,中级,20.5,0.0,0.0,4,周末
2025-10-19,初级,14.33,6308.0,440.2,3,周末
2025-10-19,预备,2.33,2980.0,1278.97,3,周末
2025-10-19,高级,11.0,0.0,0.0,5,周末
2025-10-20,中级,12.8,150.0,11.72,5,工作日
2025-10-20,初级,12.33,5610.0,454.99,3,工作日
2025-10-20,预备,3.5,3600.0,1028.57,2,工作日
2025-10-20,高级,14.67,0.0,0.0,3,工作日
2025-10-21,中级,19.0,150.0,7.89,3,工作日
2025-10-21,初级,10.5,10044.0,956.57,4,工作日
2025-10-21,预备,2.67,4980.0,1865.17,3,工作日
2025-10-21,高级,17.5,0.0,0.0,2,工作日
2025-10-22,中级,13.75,2255.0,164.0,4,工作日
2025-10-22,初级,13.33,9040.0,678.17,3,工作日
2025-10-22,预备,2.67,2740.0,1026.22,3,工作日
2025-10-22,高级,5.0,0.0,0.0,4,工作日
2025-10-23,中级,19.25,698.0,36.26,4,工作日
2025-10-23,初级,10.67,7090.0,664.48,3,工作日
2025-10-23,预备,2.75,4210.0,1530.91,4,工作日
2025-10-23,高级,12.0,0.0,0.0,1,工作日
2025-10-24,中级,15.75,1378.0,87.49,4,工作日
2025-10-24,初级,7.0,728.0,104.0,3,工作日
2025-10-24,预备,2.4,4790.0,1995.83,5,工作日
2025-10-24,高级,12.5,0.0,0.0,2,工作日
2025-10-25,中级,21.25,0.0,0.0,4,周末
2025-10-25,初级,20.0,1090.0,54.5,1,周末
2025-10-25,预备,3.5,1610.0,460.0,2,周末
2025-10-25,高级,12.25,0.0,0.0,4,周末
2025-10-26,中级,26.5,0.0,0.0,2,周末
2025-10-26,初级,19.0,1180.0,62.11,2,周末
2025-10-26,预备,2.67,3700.0,1385.77,3,周末
2025-10-26,高级,21.5,0.0,0.0,4,周末
2025-10-27,中级,22.33,0.0,0.0,3,工作日
2025-10-27,初级,10.33,6868.0,664.86,3,工作日
2025-10-27,预备,4.75,8880.0,1869.47,4,工作日
2025-10-27,高级,18.0,0.0,0.0,2,工作日
2025-10-28,中级,13.4,0.0,0.0,5,工作日
2025-10-28,初级,13.0,13048.0,1003.69,3,工作日
2025-10-28,预备,3.0,3650.0,1216.67,3,工作日
2025-10-28,高级,17.0,0.0,0.0,2,工作日
2025-10-29,中级,12.5,396.0,31.68,4,工作日
2025-10-29,初级,7.0,7980.0,1140.0,4,工作日
2025-10-29,预备,3.0,3530.0,1176.67,3,工作日
2025-10-29,高级,9.5,150.0,15.79,4,工作日
2025-10-30,中级,14.25,300.0,21.05,4,工作日
2025-10-30,初级,11.0,3468.0,315.27,2,工作日
2025-10-30,预备,3.6,8110.0,2252.78,5,工作日
2025-10-30,高级,10.67,0.0,0.0,3,工作日
2025-10-31,中级,13.5,0.0,0.0,4,工作日
2025-10-31,初级,12.0,6260.0,521.67,2,工作日
2025-10-31,预备,2.75,4970.0,1807.27,4,工作日
2025-10-31,高级,10.67,0.0,0.0,3,工作日
2025-11-01,中级,16.33,1226.0,75.08,3,周末
2025-11-01,初级,16.0,2440.0,152.5,3,周末
2025-11-01,预备,4.0,1400.0,350.0,1,周末
2025-11-01,高级,16.0,0.0,0.0,3,周末
2025-11-02,中级,10.33,590.0,57.12,3,周末
2025-11-02,初级,18.0,3240.0,180.0,2,周末
2025-11-02,预备,4.25,6550.0,1541.18,4,周末
2025-11-02,高级,17.5,0.0,0.0,4,周末
2025-11-03,中级,11.75,0.0,0.0,4,工作日
2025-11-03,初级,8.75,12428.0,1420.34,4,工作日
2025-11-03,预备,2.25,3540.0,1573.33,4,工作日
2025-11-03,高级,11.67,0.0,0.0,3,工作日
2025-11-04,中级,17.25,2318.0,134.38,4,工作日
2025-11-04,初级,10.25,13510.0,1318.05,4,工作日
2025-11-04,预备,3.25,4570.0,1406.15,4,工作日
2025-11-04,高级,8.5,0.0,0.0,4,工作日
2025-11-05,中级,19.25,1595.0,82.86,4,工作日
2025-11-05,初级,10.0,2090.0,209.0,2,工作日
2025-11-05,预备,4.33,6830.0,1577.37,3,工作日
2025-11-05,高级,7.67,0.0,0.0,3,工作日
2025-11-06,中级,19.67,1386.0,70.46,3,工作日
2025-11-06,初级,15.0,5820.0,388.0,2,工作日
2025-11-06,预备,3.5,3520.0,1005.71,2,工作日
2025-11-06,高级,19.0,1930.0,101.58,2,工作日
2025-11-07,中级,17.75,190.0,10.7,4,工作日
2025-11-07,初级,13.5,860.0,63.7,2,工作日
2025-11-07,预备,3.0,670.0,223.33,1,工作日
2025-11-07,高级,10.0,160.0,16.0,2,工作日
2025-11-08,中级,17.67,0.0,0.0,3,周末
2025-11-08,初级,15.25,9538.0,625.44,4,周末
2025-11-08,预备,3.5,3090.0,882.86,2,周末
2025-11-08,高级,18.0,80.0,4.44,3,周末
2025-11-09,中级,11.0,1495.0,135.91,3,周末
2025-11-09,初级,14.33,3710.0,258.9,3,周末
2025-11-09,预备,4.0,7370.0,1842.5,4,周末
2025-11-09,高级,20.0,0.0,0.0,4,周末
2025-11-10,中级,17.67,494.0,27.96,3,工作日
2025-11-10,初级,14.25,2030.0,142.46,4,工作日
2025-11-10,预备,5.33,8410.0,1577.86,3,工作日
2025-11-10,高级,5.33,0.0,0.0,3,工作日
2025-11-11,中级,18.75,4940.0,263.47,4,工作日
2025-11-11,初级,8.67,1920.0,221.45,3,工作日
2025-11-11,预备,2.5,4750.0,1900.0,4,工作日
2025-11-11,高级,13.67,0.0,0.0,3,工作日
2025-11-12,中级,19.0,1060.0,55.79,3,工作日
2025-11-12,初级,9.75,7850.0,805.13,4,工作日
2025-11-12,预备,2.33,2960.0,1270.39,3,工作日
2025-11-12,高级,27.0,0.0,0.0,1,工作日
2025-11-13,中级,23.0,150.0,6.52,3,工作日
2025-11-13,初级,12.0,9576.0,798.0,4,工作日
2025-11-13,预备,2.5,3220.0,1288.0,4,工作日
2025-11-13,高级,32.0,0.0,0.0,1,工作日
2025-11-14,中级,13.33,0.0,0.0,3,工作日
2025-11-14,初级,11.0,6090.0,553.64,3,工作日
2025-11-14,预备,3.0,4690.0,1563.33,3,工作日
2025-11-14,高级,16.0,0.0,0.0,2,工作日
2025-11-15,中级,25.0,590.0,23.6,2,周末
2025-11-15,初级,12.25,7708.0,629.22,4,周末
2025-11-15,预备,4.67,6060.0,1297.64,3,周末
2025-11-15,高级,15.4,190.0,12.34,5,周末
2025-11-16,中级,21.0,700.0,33.33,2,周末
2025-11-16,初级,17.0,6774.0,398.47,3,周末
2025-11-16,预备,6.67,9200.0,1379.31,3,周末
2025-11-16,高级,28.33,0.0,0.0,3,周末
2025-11-17,中级,22.67,1297.0,57.21,3,工作日
2025-11-17,初级,13.0,6150.0,473.08,3,工作日
2025-11-17,预备,2.5,1620.0,648.0,2,工作日
2025-11-17,高级,11.5,0.0,0.0,2,工作日
2025-11-18,中级,12.8,2936.0,229.38,5,工作日
2025-11-18,初级,15.5,2660.0,171.61,2,工作日
2025-11-18,预备,6.75,15300.0,2266.67,4,工作日
2025-11-18,高级,6.25,0.0,0.0,4,工作日
2025-11-19,中级,17.75,198.0,11.15,4,工作日
2025-11-19,初级,9.5,6400.0,673.68,4,工作日
2025-11-19,预备,3.5,6670.0,1905.71,4,工作日
2025-11-19,高级,19.0,0.0,0.0,1,工作日
2025-11-20,中级,18.0,150.0,8.33,4,工作日
2025-11-20,初级,14.0,1550.0,110.71,2,工作日
2025-11-20,预备,5.0,5320.0,1064.0,2,工作日
2025-11-20,高级,9.0,0.0,0.0,3,工作日
2025-11-21,中级,23.33,0.0,0.0,3,工作日
2025-11-21,初级,15.5,2976.0,192.0,2,工作日
2025-11-21,预备,5.67,10080.0,1777.78,3,工作日
2025-11-21,高级,5.33,0.0,0.0,3,工作日
2025-11-22,中级,14.5,290.0,20.0,4,周末
2025-11-22,初级,15.5,740.0,47.74,2,周末
2025-11-22,高级,15.0,0.0,0.0,4,周末
2025-11-23,中级,16.67,0.0,0.0,3,周末
2025-11-23,初级,16.67,1318.0,79.06,3,周末
2025-11-23,预备,5.6,12644.0,2257.86,5,周末
2025-11-23,高级,13.17,0.0,0.0,6,周末
2025-11-24,中级,16.0,1297.0,81.06,4,工作日
2025-11-24,初级,10.33,4870.0,471.44,3,工作日
2025-11-24,预备,3.75,6890.0,1837.33,4,工作日
2025-11-24,高级,9.5,0.0,0.0,2,工作日
2025-11-25,中级,12.5,0.0,0.0,4,工作日
2025-11-25,初级,12.0,1770.0,147.5,3,工作日
2025-11-25,预备,4.75,11100.0,2336.84,4,工作日
2025-11-25,高级,11.5,0.0,0.0,2,工作日
2025-11-26,中级,14.75,0.0,0.0,4,工作日
2025-11-26,初级,10.33,6150.0,595.35,3,工作日
2025-11-26,预备,3.67,6990.0,1904.63,3,工作日
2025-11-26,高级,19.0,0.0,0.0,1,工作日
2025-11-27,中级,19.0,0.0,0.0,3,工作日
2025-11-27,初级,9.67,1680.0,173.73,3,工作日
2025-11-27,预备,5.5,11334.0,2060.73,4,工作日
2025-11-27,高级,8.5,0.0,0.0,2,工作日
2025-11-28,中级,15.75,0.0,0.0,4,工作日
2025-11-28,初级,11.33,8770.0,774.05,3,工作日
2025-11-28,预备,4.4,13430.0,3052.27,5,工作日
2025-11-28,高级,11.5,0.0,0.0,2,工作日
2025-11-29,中级,21.5,990.0,46.05,2,周末
2025-11-29,初级,14.33,4138.0,288.76,3,周末
2025-11-29,预备,8.5,9220.0,1084.71,2,周末
2025-11-29,高级,27.33,0.0,0.0,3,周末
2025-11-30,中级,13.75,0.0,0.0,4,周末
2025-11-30,初级,13.67,8580.0,627.65,3,周末
2025-11-30,预备,4.67,6030.0,1291.22,3,周末
2025-11-30,高级,19.8,0.0,0.0,5,周末
2025-12-01,中级,11.75,1850.0,157.45,4,工作日
2025-12-01,初级,11.67,2660.0,227.93,3,工作日
2025-12-01,预备,6.33,9860.0,1557.66,3,工作日
2025-12-01,高级,8.5,0.0,0.0,2,工作日
2025-12-02,中级,16.67,0.0,0.0,3,工作日
2025-12-02,初级,8.75,7700.0,880.0,4,工作日
2025-12-02,预备,6.75,15840.0,2346.67,4,工作日
2025-12-02,高级,17.0,330.0,19.41,1,工作日
2025-12-03,中级,16.0,688.0,43.0,4,工作日
2025-12-03,初级,11.0,5500.0,500.0,3,工作日
2025-12-03,预备,5.0,9050.0,1810.0,4,工作日
2025-12-03,高级,15.0,0.0,0.0,2,工作日
2025-12-04,中级,25.33,0.0,0.0,3,工作日
2025-12-04,初级,10.25,8400.0,819.51,4,工作日
2025-12-04,预备,6.0,8230.0,1371.67,3,工作日
2025-12-04,高级,20.0,0.0,0.0,1,工作日
2025-12-05,中级,18.25,760.0,41.64,4,工作日
2025-12-05,初级,19.0,4090.0,215.26,2,工作日
2025-12-05,预备,7.0,21280.0,3040.0,5,工作日
2025-12-05,高级,8.5,0.0,0.0,2,工作日
2025-12-06,中级,12.67,150.0,11.84,3,周末
2025-12-06,初级,16.67,2250.0,134.97,3,周末
2025-12-06,预备,7.0,11020.0,1574.29,3,周末
2025-12-06,高级,19.0,526.0,27.68,3,周末
2025-12-07,中级,27.5,0.0,0.0,2,周末
2025-12-07,初级,13.67,1740.0,127.29,3,周末
2025-12-07,预备,9.25,20038.0,2166.27,4,周末
2025-12-07,高级,13.4,0.0,0.0,5,周末
2025-12-08,中级,16.5,150.0,9.09,4,工作日
2025-12-08,初级,10.75,12286.0,1142.88,4,工作日
2025-12-08,预备,7.75,14710.0,1898.06,4,工作日
2025-12-08,高级,7.5,0.0,0.0,4,工作日
2025-12-09,中级,17.75,1297.0,73.07,4,工作日
2025-12-09,初级,13.0,9910.0,762.31,3,工作日
2025-12-09,预备,5.5,10232.0,1860.36,4,工作日
2025-12-09,高级,8.33,0.0,0.0,3,工作日
2025-12-10,中级,13.0,700.0,53.85,5,工作日
2025-12-10,初级,11.33,8400.0,741.39,3,工作日
2025-12-10,预备,6.8,21110.0,3104.41,5,工作日
2025-12-10,高级,11.5,550.0,47.83,2,工作日
2025-12-11,中级,16.67,0.0,0.0,3,工作日
2025-12-11,初级,13.33,8310.0,623.41,3,工作日
2025-12-11,预备,4.6,12370.0,2689.13,5,工作日
2025-12-11,高级,11.0,0.0,0.0,2,工作日
2025-12-12,中级,20.67,0.0,0.0,3,工作日
2025-12-12,初级,7.75,4298.0,554.58,4,工作日
2025-12-12,预备,5.33,18200.0,3414.63,6,工作日
2025-12-12,高级,16.0,0.0,0.0,1,工作日
2025-12-13,中级,18.0,1460.0,81.11,3,周末
2025-12-13,初级,9.5,1980.0,208.42,2,周末
2025-12-13,预备,6.0,10960.0,1826.67,3,周末
2025-12-13,高级,17.0,298.0,17.53,5,周末
2025-12-14,中级,29.0,0.0,0.0,2,周末
2025-12-14,初级,20.5,2300.0,112.2,2,周末
2025-12-14,预备,7.33,12478.0,1702.32,3,周末
2025-12-14,高级,19.25,590.0,30.65,4,周末
2025-12-15,中级,14.25,0.0,0.0,4,工作日
2025-12-15,初级,13.0,1770.0,136.15,1,工作日
2025-12-15,预备,5.5,19940.0,3625.45,6,工作日
2025-12-15,高级,13.0,0.0,0.0,3,工作日
2025-12-16,中级,21.5,0.0,0.0,2,工作日
2025-12-16,初级,14.67,8610.0,586.91,3,工作日
2025-12-16,预备,4.5,14600.0,3244.44,6,工作日
2025-12-16,高级,16.67,0.0,0.0,3,工作日
2025-12-17,中级,19.67,100.0,5.08,3,工作日
2025-12-17,初级,12.0,7278.0,606.5,3,工作日
2025-12-17,预备,6.0,10760.0,1793.33,4,工作日
2025-12-17,高级,9.5,0.0,0.0,2,工作日
2025-12-18,中级,18.0,0.0,0.0,4,工作日
2025-12-18,初级,13.67,5380.0,393.56,3,工作日
2025-12-18,预备,6.0,3420.0,570.0,1,工作日
2025-12-18,高级,18.0,150.0,8.33,1,工作日
2025-12-19,中级,11.75,0.0,0.0,4,工作日
2025-12-19,初级,12.67,7120.0,561.96,3,工作日
2025-12-19,预备,6.0,15790.0,2631.67,5,工作日
2025-12-19,高级,9.0,0.0,0.0,2,工作日
2025-12-20,中级,17.0,0.0,0.0,3,周末
2025-12-20,初级,20.0,1420.0,71.0,1,周末
2025-12-20,预备,7.0,9370.0,1338.57,3,周末
2025-12-20,高级,27.33,0.0,0.0,3,周末
2025-12-21,中级,21.0,0.0,0.0,2,周末
2025-12-21,初级,13.25,6218.0,469.28,4,周末
2025-12-21,预备,8.0,15390.0,1923.75,4,周末
2025-12-21,高级,13.33,0.0,0.0,6,周末
2025-12-22,中级,12.0,0.0,0.0,3,工作日
2025-12-22,初级,13.33,8286.0,621.61,3,工作日
2025-12-22,预备,6.67,12410.0,1860.57,3,工作日
2025-12-22,高级,15.5,0.0,0.0,2,工作日
2025-12-23,中级,21.0,0.0,0.0,2,工作日
2025-12-23,初级,14.25,11460.0,804.21,4,工作日
2025-12-23,预备,3.0,4850.0,1616.67,4,工作日
2025-12-23,高级,12.5,0.0,0.0,2,工作日
2025-12-24,中级,17.0,0.0,0.0,4,工作日
2025-12-24,初级,13.0,2080.0,160.0,3,工作日
2025-12-24,预备,5.33,7940.0,1489.68,3,工作日
2025-12-24,高级,6.33,1297.0,204.9,3,工作日
2025-12-25,中级,21.33,0.0,0.0,3,工作日
2025-12-25,初级,14.0,5560.0,397.14,2,工作日
2025-12-25,预备,6.5,13360.0,2055.38,4,工作日
2025-12-25,高级,11.5,0.0,0.0,2,工作日
2025-12-26,中级,19.5,690.0,35.38,2,工作日
2025-12-26,初级,13.5,7898.0,585.04,2,工作日
2025-12-26,预备,7.25,19310.0,2663.45,4,工作日
2025-12-26,高级,11.5,0.0,0.0,4,工作日
2025-12-27,中级,16.33,1330.0,81.45,3,周末
2025-12-27,初级,19.5,2980.0,152.82,2,周末
2025-12-27,预备,11.67,18970.0,1625.54,3,周末
2025-12-27,高级,32.33,0.0,0.0,3,周末
2025-12-28,中级,27.5,1727.0,62.8,2,周末
2025-12-28,初级,11.67,3020.0,258.78,3,周末
2025-12-28,预备,7.67,12260.0,1598.44,3,周末
2025-12-28,高级,18.0,0.0,0.0,4,周末
2025-12-29,中级,16.33,0.0,0.0,3,工作日
2025-12-29,初级,13.67,7410.0,542.06,3,工作日
2025-12-29,预备,6.0,13180.0,2196.67,4,工作日
2025-12-29,高级,16.67,0.0,0.0,3,工作日
2025-12-30,中级,18.33,410.0,22.37,3,工作日
2025-12-30,初级,15.33,12896.0,841.23,3,工作日
2025-12-30,预备,8.0,7670.0,958.75,2,工作日
2025-12-30,高级,16.0,0.0,0.0,2,工作日
2025-12-31,中级,11.5,280.0,24.35,2,工作日
2025-12-31,初级,5.67,1440.0,253.97,3,工作日
2025-12-31,预备,2.0,2290.0,1145.0,2,工作日
2025-12-31,高级,9.0,470.0,52.22,2,工作日
2026-01-01,中级,27.0,0.0,0.0,2,工作日
2026-01-01,初级,15.75,12280.0,779.68,4,工作日
2026-01-01,预备,8.5,9720.0,1143.53,2,工作日
2026-01-01,高级,25.0,0.0,0.0,2,工作日
2026-01-02,中级,13.0,0.0,0.0,5,工作日
2026-01-02,初级,10.75,14660.0,1363.72,4,工作日
2026-01-02,预备,4.33,6790.0,1568.13,3,工作日
2026-01-02,高级,16.0,0.0,0.0,3,工作日
2026-01-03,中级,19.5,0.0,0.0,2,周末
2026-01-03,初级,13.0,8710.0,670.0,4,周末
2026-01-03,预备,7.33,10500.0,1432.47,3,周末
2026-01-03,高级,15.0,0.0,0.0,4,周末
2026-01-04,中级,11.0,590.0,53.64,3,周末
2026-01-04,初级,13.75,4058.0,295.13,4,周末
2026-01-04,预备,6.5,18860.0,2901.54,6,周末
2026-01-04,高级,17.0,0.0,0.0,4,周末
2026-01-05,中级,14.6,780.0,53.42,5,工作日
2026-01-05,初级,15.33,7538.0,491.72,3,工作日
2026-01-05,预备,2.0,1970.0,985.0,2,工作日
2026-01-05,高级,8.33,0.0,0.0,3,工作日
2026-01-06,中级,13.33,0.0,0.0,3,工作日
2026-01-06,初级,14.33,6040.0,421.49,3,工作日
2026-01-06,预备,9.33,13000.0,1393.35,3,工作日
2026-01-06,高级,20.0,0.0,0.0,2,工作日
2026-01-07,中级,15.67,0.0,0.0,3,工作日
2026-01-07,初级,12.5,8825.0,706.0,4,工作日
2026-01-07,预备,5.0,8400.0,1680.0,3,工作日
2026-01-07,高级,12.33,0.0,0.0,3,工作日
2026-01-08,中级,9.75,3100.0,317.95,4,工作日
2026-01-08,初级,12.75,7530.0,590.59,4,工作日
2026-01-08,预备,4.67,8518.0,1823.98,3,工作日
2026-01-08,高级,9.0,270.0,30.0,4,工作日
2026-01-09,中级,15.0,620.0,41.33,3,工作日
2026-01-09,初级,12.5,9190.0,735.2,4,工作日
2026-01-09,预备,5.67,9340.0,1647.27,3,工作日
2026-01-09,高级,14.67,0.0,0.0,3,工作日
2026-01-10,中级,12.0,590.0,49.17,2,周末
2026-01-10,初级,14.25,7620.0,534.74,4,周末
2026-01-10,预备,12.5,13300.0,1064.0,2,周末
2026-01-10,高级,19.25,594.0,30.86,4,周末
2026-01-11,中级,14.67,0.0,0.0,3,周末
2026-01-11,初级,20.0,4500.0,225.0,3,周末
2026-01-11,预备,5.6,13730.0,2451.79,5,周末
2026-01-11,高级,16.8,0.0,0.0,5,周末
2026-01-12,中级,18.5,0.0,0.0,2,工作日
2026-01-12,初级,13.33,4740.0,355.59,3,工作日
2026-01-12,预备,7.0,11620.0,1660.0,3,工作日
2026-01-12,高级,13.67,198.0,14.48,3,工作日
2026-01-13,中级,19.0,0.0,0.0,3,工作日
2026-01-13,初级,15.67,320.0,20.42,3,工作日
2026-01-13,预备,9.0,9660.0,1073.33,2,工作日
2026-01-13,高级,7.75,0.0,0.0,4,工作日
2026-01-14,中级,18.33,870.0,47.46,3,工作日
2026-01-14,初级,16.67,1126.0,67.55,3,工作日
2026-01-14,预备,8.33,13020.0,1563.03,3,工作日
2026-01-14,高级,13.0,0.0,0.0,1,工作日
2026-01-15,中级,16.6,150.0,9.04,5,工作日
2026-01-15,初级,13.67,5170.0,378.2,3,工作日
2026-01-15,预备,5.67,7990.0,1409.17,3,工作日
2026-01-15,高级,11.0,0.0,0.0,2,工作日
2026-01-16,中级,16.33,0.0,0.0,3,工作日
2026-01-16,初级,11.5,4910.0,426.96,4,工作日
2026-01-16,预备,5.5,6550.0,1190.91,2,工作日
2026-01-16,高级,10.0,0.0,0.0,2,工作日
2026-01-17,中级,23.0,0.0,0.0,2,周末
2026-01-17,初级,13.5,8138.0,602.81,4,周末
2026-01-17,预备,10.0,19950.0,1995.0,4,周末
2026-01-17,高级,18.33,0.0,0.0,3,周末
2026-01-18,中级,5.5,0.0,0.0,2,周末
2026-01-18,初级,18.33,6900.0,376.43,3,周末
2026-01-18,预备,6.25,12688.0,2030.08,4,周末
2026-01-18,高级,19.0,0.0,0.0,6,周末
2026-01-19,中级,13.25,0.0,0.0,4,工作日
2026-01-19,初级,14.33,4790.0,334.26,3,工作日
2026-01-19,预备,10.33,17680.0,1711.52,3,工作日
2026-01-19,高级,21.5,0.0,0.0,2,工作日
2026-01-20,中级,19.33,990.0,51.22,3,工作日
2026-01-20,初级,13.5,4620.0,342.22,2,工作日
2026-01-20,预备,8.33,12520.0,1503.0,3,工作日
2026-01-20,高级,7.25,0.0,0.0,4,工作日
2026-01-21,中级,13.67,1130.0,82.66,3,工作日
2026-01-21,初级,14.33,2400.0,167.48,3,工作日
2026-01-21,预备,8.0,8490.0,1061.25,2,工作日
2026-01-21,高级,15.67,0.0,0.0,3,工作日
2026-01-22,中级,24.0,0.0,0.0,1,工作日
2026-01-22,初级,13.2,1030.0,78.03,5,工作日
2026-01-22,预备,6.33,9038.0,1427.8,3,工作日
2026-01-22,高级,13.33,0.0,0.0,3,工作日
2026-01-23,中级,13.67,0.0,0.0,3,工作日
2026-01-23,初级,15.67,2850.0,181.88,3,工作日
2026-01-23,预备,9.5,10740.0,1130.53,2,工作日
2026-01-23,高级,9.0,0.0,0.0,4,工作日
2026-01-24,中级,15.2,0.0,0.0,5,周末
2026-01-24,初级,16.5,1094.0,66.3,2,周末
2026-01-24,预备,6.0,10540.0,1756.67,4,周末
2026-01-24,高级,20.25,590.0,29.14,4,周末
2026-01-25,中级,9.0,870.0,96.67,3,周末
2026-01-25,初级,19.0,4788.0,252.0,3,周末
2026-01-25,预备,7.6,18608.0,2448.42,5,周末
2026-01-25,高级,15.8,0.0,0.0,5,周末
2026-01-26,中级,25.33,0.0,0.0,3,工作日
2026-01-26,初级,17.0,6622.0,389.53,2,工作日
2026-01-26,预备,9.0,24620.0,2735.56,5,工作日
2026-01-26,高级,20.67,0.0,0.0,3,工作日
2026-01-27,中级,22.5,0.0,0.0,2,工作日
2026-01-27,初级,14.33,3140.0,219.12,3,工作日
2026-01-27,预备,8.67,13404.0,1546.02,3,工作日
2026-01-27,高级,12.33,0.0,0.0,3,工作日
2026-01-28,中级,24.0,0.0,0.0,1,工作日
2026-01-28,初级,16.33,4110.0,251.68,3,工作日
2026-01-28,预备,6.0,9898.0,1649.67,3,工作日
2026-01-28,高级,30.5,0.0,0.0,2,工作日
2026-01-29,中级,20.0,590.0,29.5,3,工作日
2026-01-29,初级,13.25,7624.0,575.4,4,工作日
2026-01-29,预备,4.33,6680.0,1542.73,3,工作日
2026-01-29,高级,10.75,590.0,54.88,4,工作日
2026-01-30,中级,17.67,150.0,8.49,3,工作日
2026-01-30,初级,16.67,1940.0,116.38,3,工作日
2026-01-30,预备,1.0,1250.0,1250.0,2,工作日
2026-01-30,高级,13.0,150.0,11.54,3,工作日
2026-01-31,中级,30.0,870.0,29.0,1,周末
2026-01-31,初级,18.0,2940.0,163.33,3,周末
2026-01-31,预备,7.33,10260.0,1399.73,3,周末
2026-01-31,高级,13.8,0.0,0.0,5,周末
